Project,Name,Member_count,FF_Nodes,AT_Nodes,RT_Nodes,FF_Edges,AT_Edges,RT_Edges,FF_bin_density,AT_density,FF_bin_avg_path_length,AT_bin_avg_path_length,FF_bin_clustering,AT_bin_clustering,FF_reciprocity,AT_reciprocity,FF_bin_transitivity,AT_bin_transitivity,RT_density,RT_total_volume,Competing_Lists,FF_bin_degree,FF_bin_in_degree,FF_bin_out_degree,FF_volume_in,FF_volume_out,FF_bin_betweeness,FF_bin_closeness,FF_bin_pagerank,FF_bin_c_size,FF_bin_c_density,FF_bin_c_hierarchy,FF_bin_c_index,AT_bin_degree,AT_bin_in_degree,AT_bin_out_degree,AT_bin_betweeness,AT_bin_closeness,AT_bin_pagerank,AT_bin_c_size,AT_bin_c_density,AT_bin_c_hierarchy,AT_bin_c_index,AT_volume_in,AT_volume_out,RT_volume_in,RT_volume_out,FF_rec,AT_rec,AT_avg,FF_avg
584,accounting,3133,101,101,101,4788,1390,691,0.474059406,0.91,1.489306931,1.958316832,0.740456794,0.50926586,0.635245902,0.346899225,0.571809754,0.326371184,0.315742574,3189,101,0.139393939,0.048484848,0.090909091,2347,4585,0.001034738,0.462367865,0.002121375,0.096502118,0.06463766,0.012654431,0.17379421,0.060606061,0,0.060606061,0,0.34341052,0.000903614,0.144779973,0.05004976,0.012637967,0.2074677,0,2700,80,1083,0.4375,0,270,301.3913043
584,advertising,32156,101,101,101,3873,1395,522,0.383465347,0.715742574,1.585346535,2.002626263,0.718180879,0.473405015,0.498839009,0.24,0.4765523,0.246695901,0.232871287,2352,117,0.460606061,0.2,0.260606061,9900,12979,0.01097561,0.524932493,0.006589954,0.047111333,0.047771695,0.013940685,0.108823712,0.175757576,0.054545455,0.121212121,0.007575758,0.39164396,0.003303945,0.070226972,0.066403435,0.01672655,0.153356957,3373,8450,2616,1103,0.652173913,0.318181818,407.6896552,301.0394737
584,agriculture,4215,101,101,101,5486,1839,779,0.543168317,1.184059406,1.452178218,1.90030303,0.800932423,0.553970259,0.633710542,0.316392269,0.646695585,0.409522558,0.204356436,2064,104,0.284848485,0.127272727,0.157575758,5446,7222,0.002050998,0.480527328,0.003628568,0.053851082,0.048484061,0.014203293,0.116538436,0.121212121,0.024242424,0.096969697,0.000739098,0.380246914,0.001358784,0.083669717,0.036401923,0.010720709,0.130792349,1287,5600,1078,1001,0.740740741,0.25,344.35,269.5319149
584,airlines_aviation,7341,101,101,101,2814,819,300,0.278613861,0.572970297,1.603535354,1.832990162,0.733162065,0.506232975,0.477941176,0.267801858,0.426561584,0.218054925,0.182178218,1840,103,0.163636364,0.066666667,0.096969697,2633,3895,0.001219512,0.458370448,0.00239005,0.102055404,0.040973811,0.007848862,0.150878077,0.121212121,0.084848485,0.036363636,0.004785661,0.315204678,0.002748891,0.059712784,0.010562298,0.002518038,0.07279312,2785,1175,319,345,0.421052632,0.111111111,198,241.7777778
584,animation,4857,101,101,101,2124,747,458,0.21029703,0.407029703,1.916732673,2.102015677,0.562191214,0.362336283,0.294332724,0.283505155,0.299581307,0.266523868,0.123663366,1249,108,0.078787879,0.024242424,0.054545455,661,2521,0.000702143,0.382342657,0.001792452,0.113111899,0.064284048,0.012231287,0.189627233,0.103030303,0.03030303,0.072727273,0.009756098,0.352287582,0.001931108,0.142424901,0.074577605,0.01625873,0.233261236,892,3721,648,1023,0.3,0.416666667,271.3529412,244.7692308
584,anime,13236,101,101,101,2726,1.24E+03,643,0.26990099,1.384059406,1.584040404,1.821855922,0.651566883,0.459231187,0.489617486,0.312169312,0.466899434,0.374186631,0.275841584,2786,103,0.042424242,0.006060606,0.036363636,133,1385,7.39E-05,0.446782431,0.00098329,0.182588039,0.065052313,0.009386348,0.2570267,0.024242424,0.006060606,0.018181818,0,0.264215686,0.001077463,0.37612743,0.03204106,0.002099222,0.410267713,179,1232,136,1998,0.166666667,0,352.75,216.8571429
584,anthropology,1300,101,101,101,3970,1161,838,0.393069307,0.527029703,1.510990099,1.990606061,0.697578272,0.443008399,0.556862745,0.375592417,0.496765212,0.275598765,0.279405941,2822,118,0.127272727,0.042424242,0.084848485,1896,3545,0.002790096,0.46507177,0.001910424,0.119534843,0.048379685,0.022194796,0.190109324,0.139393939,0.036363636,0.103030303,0.012195122,0.384313725,0.001942955,0.086714515,0.04032063,0.012414347,0.139449492,1693,4908,1338,2908,0.5,0.352941176,287,259.0952381
584,archaeology,1878,101,101,101,4444,726,596,0.44,0.380594059,1.465940594,1.741993281,0.744039675,0.364328964,0.512593601,0.260416667,0.5148182,0.190253046,0.187524752,1894,126,0.054545455,0.018181818,0.036363636,1685,2563,0,0.390797409,0.001812379,0.374648666,0.095521231,0.017514243,0.487684139,0.054545455,0.024242424,0.03030303,0.000480414,0.30323488,0.001405502,0.244186727,0.050876667,0.005753002,0.300816396,978,1835,789,1224,0.5,0.285714286,312.5555556,472
584,architecture,14084,101,101,101,4098,1052,607,0.405742574,1.00019802,1.553168317,2.058114035,0.733775593,0.421323619,0.433368311,0.213379469,0.490074342,0.272126144,0.222871287,2251,117,0.23030303,0.109090909,0.121212121,4932,4861,0.003972653,0.476211214,0.00334004,0.078961001,0.040919154,0.011424632,0.131304787,0.103030303,0.036363636,0.066666667,0.000517369,0.363881857,0.002601239,0.14974289,0.033551593,0.007621463,0.190915946,2257,2997,1086,1091,0.52,0.416666667,309.0588235,257.7105263
584,army_military_veteran,9451,101,101,101,4997,1761,863,0.494752475,1.509504951,1.489108911,1.681386139,0.794861085,0.555770338,0.546101485,0.26964672,0.577079697,0.341466299,0.388514851,3924,101,0.321212121,0.151515152,0.16969697,5475,7045,0.004009608,0.495497026,0.005738387,0.050522895,0.039478484,0.0090818,0.099083179,0.096969697,0.018181818,0.078787879,0.029194383,0.377252843,0.003606068,0.164144447,0.07388884,0.010334553,0.24836784,562,3882,1282,718,0.766666667,0.142857143,277.75,236.2264151
584,astrology,2372,101,101,101,4596,1610,537,0.455049505,2.118415842,1.548383838,1.716633663,0.730120964,0.563093142,0.568065507,0.45045045,0.538159461,0.413430687,0.228613861,2309,101,0.218181818,0.078787879,0.139393939,2658,4495,0.001404287,0.480527328,0.002155214,0.066738468,0.051895421,0.011219766,0.129853655,0.03030303,0,0.03030303,0,0.300838968,0.000903614,0.23462493,0.064407702,0.006162515,0.305195147,0,1083,130,592,0.565217391,0,216.6,198.6944444
584,astronomy_physics,6230,101,101,101,3203,1725,875,0.317128713,1.190891089,1.692178218,1.74E+00,0.675524076,0.501975165,0.331255195,0.327944573,0.383001204,0.348393994,0.624257426,6305,109,0.115151515,0.084848485,0.03030303,2560,728,0.002679231,0.44428644,0.002613514,0.025046101,0.002571217,8.18E-05,0.027699106,0.084848485,0.054545455,0.03030303,0.020343681,0.336612022,0.003132737,0.089037099,0.013519606,0.000783679,0.103340384,1403,1384,1823,611,0.117647059,0.166666667,199.0714286,173.0526316
584,author,40658,101,101,101,1817,992,434,0.17990099,0.917029703,1.976336634,2.352828283,0.559025786,0.360971802,0.591068301,0.48502994,0.441509748,0.403451432,0.132277228,1336,145,0.824242424,0.418181818,0.406060606,22226,17823,0.035181079,0.574204135,0.013852936,0.024361041,0.034970759,0.015359229,0.074691029,0.254545455,0.139393939,0.115151515,0.009127864,0.377252843,0.014067422,0.087061431,0.080000171,2.28E-02,0.189822019,11083,8658,2870,3103,0.837837838,0.448275862,470.0238095,294.4779412
584,automotive,14373,101,101,101,5503,2061,961,0.544851485,1.175742574,1.413434343,1.749009901,0.783008746,0.480788235,0.621390689,0.276160991,0.619099015,0.307968616,0.293366337,2963,104,0.254545455,0.096969697,0.157575758,3875,6996,0.00109017,0.490909091,0.003170715,0.054787049,0.043141853,0.009280632,0.107209535,0.109090909,0.036363636,0.072727273,0.002291205,0.353153153,0.001980819,0.09892867,0.021609248,0.003160836,0.123698755,1868,3271,710,1198,0.448275862,0.2,285.5,258.8333333
584,baking,2302,101,101,101,1592,734,161,0.157623762,0.435940594,1.890348782,1.909495123,0.568109502,0.431355782,0.40760389,0.336976321,0.372764668,0.31326654,0.032277228,326,124,0.175757576,0.072727273,0.103030303,4954,6045,0.001268785,0.463715876,0.003264417,0.145502553,0.083297261,0.017836016,0.246635831,0.133333333,0.042424242,0.090909091,0.013710273,0.356658395,0.003382991,0.275316267,0.211928306,0.048309487,0.53555406,4435,8368,1027,1113,0.611111111,0.294117647,581.9545455,379.2758621
584,banking,1820,101,101,101,2977,1286,761,0.294752475,0.984356436,1.688613861,1.878399123,0.646846262,0.524365858,0.544087137,0.329886246,0.478327087,0.347530468,0.327029703,3303,104,0.109090909,0.042424242,0.066666667,1262,3588,0.002346637,0.450579449,0.002355837,0.12388241,0.06253406,0.01071877,0.197135241,0.109090909,0.042424242,0.066666667,0.004101996,0.341409343,0.004187307,0.10677412,0.052090236,0.009230895,0.168095251,1331,4597,313,1580,0.636363636,0.2,329.3333333,269.4444444
584,baseball,11270,101,101,101,3685,1709,1096,0.364851485,1.211089109,1.567821782,1.934851485,0.73814826,0.536487679,0.408639144,0.361752988,0.447824734,0.355671544,0.446039604,4505,123,0.072727273,0.03030303,0.042424242,2269,2079,0.009127864,0.359851913,0.002393319,0.224767132,0.083135894,0.028595962,0.336498988,0.066666667,0.03030303,0.036363636,0.003640059,0.301960784,0.002711929,0.285469667,0.052455463,0.04408859,0.38201372,2289,1541,2843,1031,0.333333333,0.222222222,348.1818182,362.3333333
584,basketball,11024,101,101,101,3177,1678,440,0.314554455,1.652673267,1.660004208,1.935247525,0.697526078,0.487595454,0.405752212,0.344551282,0.432715024,0.328143168,0.172079208,1738,111,0.2,0.145454545,0.054545455,5643,2664,0.010643016,0.39369937,0.009916331,0.060125598,0.015704044,0.002677242,0.078506884,0.175757576,0.139393939,0.036363636,0.010070214,0.310439165,0.015454191,0.073358449,0.014173564,0.001155203,0.088687216,5413,2187,1963,642,0.178571429,0.208333333,262.0689655,251.7272727
584,beauty_fashion_shopping,91348,101,101,101,4571,2665,927,0.452574257,1.393168317,1.529306931,1.813663366,0.752369172,0.537786643,0.370203837,0.29368932,0.499321789,0.367750032,0.265049505,2677,117,0.284848485,0.181818182,0.103030303,8274,6012,0.008906135,0.463715876,0.008643609,0.096671085,0.028268018,0.005000979,0.129940082,0.121212121,0.060606061,0.060606061,0.000332594,0.335825545,0.006714047,0.297866304,0.076370066,0.015127171,0.389363541,8062,10008,1690,1468,0.342857143,0.25,903.5,303.9574468
584,beer,4932,101,101,101,5472,2140,547,0.541782178,1.020891089,1.448415842,1.793366337,0.803802855,0.588159574,0.561198288,0.310471525,0.590088803,0.340370518,0.116435644,1176,105,0.133333333,0.054545455,0.078787879,2601,3699,0.000332594,0.454441558,0.002162323,0.111605593,0.066571614,0.013326586,0.191503793,0.060606061,0.018181818,0.042424242,0.002402069,0.330421456,0.00142856,0.166090509,0.047841447,0.009098392,0.223030347,899,1372,282,225,0.571428571,0.25,227.1,286.3636364
584,biology,1563,101,101,101,2298,876,709,0.227524752,0.59009901,1.722178218,2.072294669,0.582397486,0.427517379,0.376872379,0.339449541,0.371572475,0.291073462,0.253465347,2560,112,0.121212121,0.048484848,0.072727273,2078,2697,0.000295639,0.419668985,0.002012493,0.10716329,0.052858881,0.011224621,0.171246792,0.103030303,0.042424242,0.060606061,0.021156689,0.343859649,0.00240951,0.126874293,0.029125921,0.006808424,0.162808638,1744,2032,1227,1543,0.538461538,0.307692308,222.1176471,238.75
584,blogs,41108,101,101,101,1133,624,247,0.112178218,0.462277228,2.525870954,0.642140468,0.613933749,0.430927112,0.457583548,0.362445415,0.441135925,0.506769826,0.047326733,478,131,0.442424242,0.327272727,0.115151515,10721,5111,0.013285292,0.470575578,0.010192163,0.019377981,0.013176658,0.00260718,0.035161819,0.412121212,0.333333333,0.078787879,0.032963784,0.356658395,0.019835374,0.013464046,0.005083365,0.001255429,0.019802839,18970,4892,2960,1343,0.237288136,0.172413793,350.9117647,216.8767123
584,branding,7301,101,101,101,1869,238,63,0.185049505,0.114554455,1.926138614,2.451954158,0.459851279,0.161265165,0.725761773,0.214285714,0.405140352,0.107429719,0.013861386,140,125,0.993939394,0.466666667,0.527272727,25895,30887,0.050129342,0.636218182,0.015583746,0.025061807,0.039790663,0.017801179,0.082653648,0.2,0.054545455,0.145454545,0.00436068,0.398153278,0.003678676,0.128604093,0.074709708,0.022995976,0.226309777,5346,12320,1145,2931,0.822222222,0.269230769,535.3333333,346.2317073
584,buddhism,2882,101,101,101,2253,806,614,0.223069307,0.653663366,1.784851485,2.109406495,0.660989263,0.490025344,0.439616613,0.267295597,0.410876344,0.307355058,0.316435644,3196,137,0.163636364,0.084848485,0.078787879,4034,3075,0.00312269,0.458370448,0.002631925,0.133302364,0.046314406,0.00742514,0.18704191,0.072727273,0.018181818,0.054545455,0.000480414,0.338993711,0.00179333,0.290621342,0.076428554,0.010340155,0.377390052,1884,2634,1817,1388,0.421052632,0.2,376.5,263.2962963
584,cancer,6781,101,101,101,4840,1241,661,0.479207921,0.757425743,1.498217822,1.982574257,0.737640944,0.462621818,0.609042553,0.247236181,0.546542949,0.261985695,0.498910891,5039,117,0.454545455,0.16969697,0.284848485,7617,12741,0.012459966,0.531955002,0.004829791,0.038160357,0.043236934,0.014409197,0.095806488,0.157575758,0.054545455,0.103030303,0.009109387,0.385344057,0.007125181,0.094346655,0.047722824,0.009188876,0.151258356,3581,5320,1035,2513,0.5625,0.368421053,342.3461538,271.44
584,career_employment,12036,101,101,101,6713,2747,836,0.664653465,2.661188119,1.298613861,1.667491239,0.830592859,0.63356132,0.794919786,0.372813593,0.741348425,0.447336691,0.401683168,4057,105,0.666666667,0.303030303,0.363636364,17320,21836,0.020251293,0.560051216,0.010834135,0.037141057,0.04685015,0.016422371,0.100413578,0.163636364,0.066666667,0.096969697,0.008240946,0.372366149,0.002787938,0.10819994,0.057216534,0.019193401,0.184609874,4135,11202,665,1401,0.774193548,0.5,568.037037,355.9636364
584,ceo,7534,101,101,101,1915,433,149,0.18960396,0.180891089,1.850340136,2.30212766,0.577098764,0.2762962,0.46743295,0.212885154,0.371385454,0.222637661,0.03009901,304,146,1.072727273,0.581818182,0.490909091,32750,26274,0.060723085,0.616490486,0.02312771,0.020440815,0.034924457,0.016586096,0.071951367,0.357575758,0.187878788,0.16969697,0.037971175,0.404882629,0.011851984,0.066633658,0.05951225,0.01713004,0.143275948,10439,14464,3678,3193,0.787878788,0.311111111,422.0847458,333.4689266
584,charity_philanthropy,12034,101,101,101,3279,1250,431,0.324653465,0.660594059,1.677920792,2.373118945,0.676259843,0.500737445,0.53511236,0.296680498,0.467085157,0.326038109,0.14990099,1514,145,0.709090909,0.345454545,0.363636364,18246,19737,0.017510471,0.562030196,0.010435589,0.024832386,0.030120328,0.012203992,0.067156706,0.381818182,0.218181818,0.163636364,0.085772358,0.432931727,0.007621614,0.043088685,0.03158014,0.008552218,0.083221043,10985,12383,4624,2869,0.56,0.3125,370.9206349,324.6410256
584,chemistry,1568,101,101,101,2682,487,541,0.265544554,0.246831683,1.684851485,1.93968254,0.667102347,0.510321708,0.424322889,0.341597796,0.420701623,0.307986244,0.264554455,2672,108,0.078787879,0.024242424,0.054545455,785,2164,0.002623799,0.412058408,0.00133024,0.17545717,0.073762658,0.024748705,0.273968533,0.018181818,0.006060606,0.012121212,0.000110865,0.261333333,0.00107496,0.687770114,0.022782102,0.000690383,0.711242598,170,548,896,916,0.444444444,0.5,239.3333333,226.8461538
584,children,5024,101,101,101,803,135,72,0.07950495,0.06,2.338339438,1.952570922,0.505867188,0.348748474,0.602794411,0.336633663,0.384363219,0.298360656,0.022871287,231,125,0.503030303,0.2,0.303030303,9099,15215,0.004175905,0.531955002,0.004983984,0.037570076,0.042725454,0.0147996,0.095095129,0.145454545,0.03030303,0.115151515,0.011086475,0.394871795,0.001646605,0.088915756,0.056979532,0.014257656,0.160152945,1401,5935,863,1036,0.66,0.263157895,305.6666667,292.939759
584,cinema,11872,101,101,101,2447,703,479,0.242277228,0.327920792,1.96019802,2.633915422,0.605631436,0.324965538,0.375491849,0.169717138,0.393419791,0.157769501,0.262673267,2653,111,0.145454545,0.060606061,0.084848485,4219,3989,0.001644494,0.458370448,0.004304784,0.093060834,0.089246483,0.024324004,0.206631321,0.133333333,0.048484848,0.084848485,0.017202513,0.336612022,0.003060361,0.078690104,0.070860941,0.01815961,0.167710655,2794,4382,2432,1211,0.6,0.375,326.1818182,342
584,climatechange,798,101,101,101,2497,532,269,0.247227723,0.255346535,1.825190682,2.098947609,0.59424266,0.359982159,0.460233918,0.151515152,0.435640498,0.276074841,0.103564356,1046,139,0.424242424,0.175757576,0.248484848,11456,15599,0.011104952,0.514739629,0.006824206,0.076813695,0.058754927,0.015978408,0.15154703,0.16969697,0.036363636,0.133333333,8.50E-04,0.397053407,0.002870414,0.136617332,0.091503456,0.026967415,0.255088203,4736,13124,2787,4343,0.666666667,0.272727273,637.8571429,386.5
584,climbing,2410,101,101,101,4089,1430,629,0.404851485,1.140792079,1.553465347,1.92467915,0.751559917,0.469834406,0.474576271,0.388349515,0.528660001,0.364069691,0.197722772,1997,110,0.096969697,0.042424242,0.054545455,3088,2848,0.001884701,0.454441558,0.002202592,0.299024245,0.072603437,0.014117915,0.385745597,0.066666667,0.024242424,0.042424242,0.005284553,0.331182796,0.001958585,0.4073632,0.096474068,0.054802939,0.558640208,2520,2381,761,876,0.454545455,0.571428571,445.5454545,371
584,college,10191,101,101,101,2173,692,418,0.215148515,0.366831683,1.988080808,2.995555556,0.701119514,0.470999242,0.447701532,0.303201507,0.423653526,0.262541118,0.132277228,1336,129,0.151515152,0.060606061,0.090909091,2637,5397,0.003307465,0.470575578,0.002529518,0.110336723,0.061740394,0.012859816,0.184936933,0.115151515,0.03030303,0.084848485,0.005321508,0.35843724,0.001501577,0.103789692,0.051742678,0.009026479,0.164558849,1167,4875,1298,1833,0.470588235,0.1875,318,321.36
584,comedy_funny,36694,101,101,101,2903,1754,540,0.287425743,0.801980198,1.637070707,1.984949495,0.626274822,0.494127797,0.45004995,0.430668842,0.435070377,0.354609252,0.122376238,1236,171,0.824242424,0.763636364,0.060606061,36033,2754,0.02303523,0.396644752,0.052726345,0.005816685,0.002058495,0.000220792,0.008095971,0.460606061,0.333333333,0.127272727,0.07514782,0.370446735,0.032579445,0.037965656,0.02224188,0.005504734,0.06571227,18541,6357,5525,1160,0.079365079,0.310344828,327.6052632,285.1985294
584,comics,15030,101,101,101,2142,1918,983,0.212079208,2.199306931,1.788217822,2.339504951,0.639682329,0.571394402,0.484407484,0.5455278,0.439654327,0.464646697,0.401386139,4054,110,0.084848485,0.060606061,0.024242424,2084,1075,0.002956393,0.370756516,0.004665293,0.067052025,0.013678856,0.000834135,0.081565016,0.163636364,0.090909091,0.072727273,0.010458241,0.341409343,0.00637767,0.077568149,0.046224978,0.015546911,0.139340038,3806,3492,1553,1721,0.272727273,0.421052632,270.2962963,225.6428571
584,composer,3607,101,101,101,3528,1825,576,0.349306931,1.795742574,1.661111111,1.866161616,0.668113752,0.580670243,0.557615894,0.504534213,0.486961278,0.452552187,0.13049505,1318,101,0.072727273,0.012121212,0.060606061,620,2254,0.006134516,0.399634536,0.001554949,0.149571495,0.038829113,0.005196593,0.193597201,0.090909091,0.024242424,0.066666667,0.008056171,0.321551081,0.002540478,0.169202338,0.049567175,0.026755171,0.245524685,1101,2739,191,1134,0.2,0.363636364,256,239.5
584,construction,6098,101,101,101,3387,777,395,0.335346535,0.568019802,1.691717172,2.238901746,0.649948004,0.414620702,0.552245646,0.275862069,0.471654781,0.290904149,0.16950495,1712,117,0.193939394,0.084848485,0.109090909,4108,6538,0.000424982,0.467807487,0.002912051,0.088746499,0.050037044,0.012712645,0.151496189,0.103030303,0.024242424,0.078787879,0.001108647,0.356658395,0.001808188,0.144189684,0.040759044,0.017962068,0.202910797,1626,4212,386,1380,0.777777778,0.307692308,343.4117647,332.6875
584,cycling,15358,101,101,101,3279,2145,926,0.324653465,1.312178218,1.716039604,1.883737374,0.657119882,0.479984276,0.341653028,0.411184211,0.390575015,0.358486679,0.307128713,3102,106,0.054545455,0.048484848,0.006060606,1386,122,0.001552106,0.311871658,0.002467303,0.057944279,0,0,0.057944279,0.060606061,0.042424242,0.018181818,0.008167036,0.281278539,0.003879023,0.251806217,0.023531802,0.000726104,0.276064124,2358,801,896,276,0.125,0.428571429,315.9,167.5555556
584,dance,14952,101,101,101,2840,1932,907,0.281188119,1.513168317,1.885049505,2.16039604,0.692650839,0.615704056,0.482254697,0.495356037,0.472295073,0.465843395,0.346336634,3498,105,0.078787879,0.012121212,0.066666667,468,2273,0.000184775,0.454441558,0.00107319,0.118328419,0.05197312,0.01411901,0.184420549,0.090909091,0.024242424,0.066666667,0.005321508,0.334263566,0.004956489,0.146326509,0.055889122,0.009073871,0.211289501,916,4004,468,554,0.083333333,0.363636364,328,210.8461538
584,database,800,101,101,101,1045,492,306,0.103465347,0.678811881,2.310751105,2.404911181,0.546855536,0.38419347,0.429548564,0.426086957,0.39070913,0.518103448,0.13039604,1317,107,0.060606061,0.012121212,0.048484848,347,1619,0.015077605,0.454441558,0.001202478,0.122964248,0.083336151,0.021011123,0.227311522,0.084848485,0.03030303,0.054545455,0.00748337,0.325188537,0.001710268,0.174416832,0.09203434,0.047365097,0.313816269,1325,2429,1169,1403,0.111111111,0.555555556,268.1428571,196.6
584,dating,3617,101,101,101,4005,2139,709,0.396534653,2.022970297,1.586336634,1.715007215,0.657527415,0.576174086,0.623429266,0.425049967,0.517188355,0.492426225,0.23019802,2325,103,0.303030303,0.096969697,0.206060606,3985,7866,0.00195861,0.495497026,0.002865118,0.048112693,0.045017934,0.012555133,0.10568576,0.115151515,0.006060606,0.109090909,0.000406504,0.384313725,0.000992259,0.067955417,0.038786464,0.008948315,0.115690195,241,4256,163,804,0.470588235,0.055555556,236.6842105,237.02
584,democrat,1731,101,101,101,1942,494,235,0.192277228,0.202376238,1.818282828,2.219225968,0.643508626,0.364395075,0.311276165,0.193236715,0.283108016,0.176543648,0.062475248,631,113,0.2,0.133333333,0.066666667,5966,3867,0.012743287,0.457053292,0.006862581,0.103891988,0.045116888,0.006149241,0.155158117,0.127272727,0.078787879,0.048484848,0.0045085,0.328158295,0.016994678,0.145444021,0.106818823,0.021080074,0.273342918,6074,3640,6280,476,0.375,0.3125,462.5714286,297.969697
584,dental,4359,101,101,101,3509,708,337,0.347425743,0.262178218,1.602871287,1.727064745,0.696089726,0.3135004,0.468200837,0.291970803,0.451329084,0.190363049,0.112079208,1132,101,0.060606061,0.012121212,0.048484848,426,1588,0,0.451859504,0.001132145,0.162994096,0.045949605,0.003913659,0.212857359,0.012121212,0,0.012121212,0,0.305895085,0.000903614,0.5,0.005448935,1.51E-05,0.505464034,0,654,27,430,0.25,0,327,201.4
584,developer,18075,101,101,101,1111,919,443,0.11,1.037029703,2.468787879,2.390145577,0.490779709,0.419096484,0.401008827,0.521523179,0.365169651,0.486881618,0.131782178,1331,164,0.175757576,0.115151515,0.060606061,5946,3035,0.001804632,0.451859504,0.009452276,0.067271674,0.039866842,0.011957726,0.119096243,0.181818182,0.096969697,0.084848485,0.021156689,0.330421456,0.014364663,0.130805879,0.080164371,0.0195756,0.23054585,13534,10539,3322,2980,0.45,0.5,802.4333333,309.6896552
584,director,3815,101,101,101,817,449,229,0.080891089,0.3,2.918472544,2.609518477,0.462214173,0.29121224,0.264705882,0.348348348,0.210328422,0.241880342,0.11039604,1115,148,0.212121212,0.127272727,0.084848485,6633,4093,0.011104952,0.458370448,0.01895948,0.079747346,0.065321132,0.015833261,0.160901739,0.236363636,0.103030303,0.133333333,0.025055432,0.355775578,0.015024381,0.084711531,0.052449369,0.015367853,0.152528753,9397,11377,3018,4453,0.52173913,0.625,532.6666667,306.4571429
584,documentary,1121,101,101,101,3530,1164,715,0.34950495,0.614455446,1.645858586,2.027850877,0.71577801,0.472474104,0.441404655,0.297658863,0.486936698,0.328151294,0.247227723,2497,115,0.193939394,0.060606061,0.133333333,2397,6267,0.002660754,0.477641278,0.002629622,0.093843146,0.063237983,0.01931009,0.176391219,0.145454545,0.042424242,0.103030303,0.004471545,0.386379928,0.003374573,0.076156711,0.02488402,0.005849997,0.106890728,3553,5603,1906,1718,0.454545455,0.2,381.5,270.75
584,drums,598,101,101,101,2709,828,469,0.268217822,0.371980198,1.71039604,1.60672615,0.696849355,0.445310949,0.332513527,0.230312036,0.375971965,0.208816831,0.158613861,1602,105,0.048484848,0.012121212,0.036363636,331,1267,0,0.335558113,0.001041558,0.18871211,0.064862493,0.006914841,0.260489444,0.060606061,0.03030303,0.03030303,0.010790835,0.278552972,0.004214336,0.196393563,0.081357298,0.010195581,0.287946441,730,1799,215,498,0.333333333,0.666666667,252.9,199.75
584,energy,12582,101,101,101,3492,669,330,0.345742574,0.506435644,1.596534653,1.728406514,0.670300931,0.364568903,0.556843513,0.192513369,0.469945355,0.183029197,0.188514851,1904,117,0.733333333,0.339393939,0.393939394,17559,20980,0.031079084,0.572138653,0.010317031,0.037488003,0.042146501,0.016802124,0.096436629,0.109090909,0.036363636,0.072727273,0.004046563,0.359333333,0.002096326,0.158741715,0.11704507,0.02789443,0.303681215,3726,5635,2513,1628,0.833333333,0.285714286,520.0555556,318.5041322
584,engineering,3547,101,101,101,1845,232,192,0.182673267,0.072277228,1.893540922,1.899350649,0.649557674,0.254238704,0.404109589,0.16,0.367473373,0.11801676,0.052772277,533,114,0.103030303,0.018181818,0.084848485,755,3086,0.000868441,0.46507177,0.001218785,0.101697446,0.038624412,0.007815195,0.148137053,0.042424242,0.006060606,0.036363636,0.001071693,0.320833333,0.000933059,0.169012161,0.038794297,0.007206809,0.215013266,117,1252,847,652,0.214285714,0,195.5714286,225.9411765
584,etsy_handmade,21345,101,101,101,5860,868,240,0.58019802,3.153762376,1.366732673,2.451089109,0.767507686,0.406439234,0.80030722,0.172972973,0.692949747,0.225585078,0.04980198,503,102,0.484848485,0.206060606,0.278787879,8511,12365,0.0109017,0.523205742,0.005407108,0.031380437,0.038028653,0.01342309,0.08283218,0.036363636,0.03030303,0.006060606,0.000849963,0.262287105,0.001287205,0.011914153,0,0,0.011914153,1061,130,57,648,0.666666667,0,198.5,260.95
584,exercise_fitness,28653,101,101,101,3522,1094,338,0.348712871,0.931584158,1.708811881,2.138048246,0.649859489,0.407726054,0.55565371,0.257471264,0.468420558,0.270446097,0.131980198,1333,140,0.83030303,0.375757576,0.454545455,20752,22701,0.049821385,0.602479339,0.012156403,0.024581534,0.033250512,0.015147621,0.072979667,0.218181818,0.103030303,0.115151515,0.03349963,0.399259259,0.006541047,0.10850734,0.020493898,0.006646528,0.135647766,5822,6701,2077,1303,0.734177215,0.333333333,347.8611111,317.1751825
584,fantasy,5763,101,101,101,2568,1.31E+03,680,0.254257426,1.205940594,1.739207921,2.062049062,0.623591866,0.445778722,0.336803748,0.32760364,0.334018509,0.311273457,0.395940594,3999,112,0.048484848,0.006060606,0.042424242,280,4350,7.39E-05,0.342789969,0.001177597,0.267775844,0.090650694,0.021599632,0.38002617,0.042424242,0.012121212,0.03030303,0.00218034,0.293333333,0.00212723,0.371563519,0.045681823,0.009077017,0.426322359,631,3510,518,3126,0.142857143,0.4,591.5714286,578.75
584,filmfestival,977,101,101,101,2581,262,125,0.255544554,0.071980198,1.662376238,1.921677215,0.662703461,0.205309023,0.287281796,0.100840336,0.336093796,0.131130064,0.040693069,411,114,0.133333333,0.036363636,0.096969697,2809,6867,0.000110865,0.466435617,0.003020631,0.112115959,0.082835681,0.02149806,0.216449701,0.096969697,0.036363636,0.060606061,0.005654102,0.336612022,0.002466662,0.168575876,0.062636023,0.017732642,0.248944541,2689,3585,1305,1966,0.375,0.454545455,392.125,439.8181818
584,finance_economics,25056,101,101,101,2238,1342,606,0.221584158,1.097029703,1.923211709,1.91774055,0.645374007,0.52888965,0.35472155,0.393561786,0.396529666,0.491496686,0.282574257,2854,154,0.303030303,0.242424242,0.060606061,11267,2780,0.002716186,0.451859504,0.009300703,0.029888357,0.016395046,0.004217074,0.050500476,0.363636364,0.309090909,0.054545455,0.028399852,0.362048699,0.028478291,0.014425288,0.004024108,0.000550522,0.018999918,22057,2701,4426,894,0.25,0.176470588,412.6333333,280.94
584,fishing,5456,101,101,101,4335,664,316,0.429207921,0.384257426,1.477821782,1.666800321,0.700268138,0.453863164,0.640181612,0.320079523,0.545330749,0.269014311,0.114554455,1157,106,0.133333333,0.054545455,0.078787879,4327,4841,0.001311899,0.459695218,0.002997664,0.224481841,0.06885222,0.020587378,0.313921439,0.024242424,0.012121212,0.012121212,0,0.273257288,0.001695397,0.649006135,0.018814132,0.021245126,0.689065393,1178,970,165,431,0.692307692,0.333333333,537,416.7272727
584,flash,3711,101,101,101,3033,2618,1385,0.30029703,2.411881188,1.709306931,1.812970297,0.626388334,0.621463712,0.404817045,0.465845465,0.426977257,0.512389361,0.437326733,4417,110,0.036363636,0.018181818,0.018181818,427,646,0.000997783,0.364804003,0.001605857,0.213566235,0.133725123,0.04113483,0.388426188,0.066666667,0.018181818,0.048484848,0.000295639,0.315204678,0.002845592,0.298915162,0.18925475,0.05550658,0.543676492,1899,3480,600,1282,0.2,0.222222222,489,178.8333333
584,food_chef,127932,100,100,100,3589,2164,819,0.362525253,1.252929293,1.603380746,1.854512939,0.728468269,0.541226854,0.374042879,0.391639871,0.449268981,0.408945789,0.273333333,2706,166,0.436363636,0.254545455,0.181818182,19462,9360,0.005838877,0.492428933,0.010519835,0.061725393,0.049876274,0.013910509,0.125512176,0.242424242,0.145454545,0.096969697,0.014449372,0.370446735,0.00821232,0.156800091,0.106637597,0.021155339,0.284593028,14557,7396,3952,1644,0.531914894,0.333333333,548.825,400.3055556
584,gambling,951,101,101,101,1238,240,125,0.122574257,0.252376238,2.008787879,1.065972222,0.442183854,0.307386164,0.410022779,0.28342246,2.65E-01,0.393822394,0.065841584,665,105,0.16969697,0.066666667,0.103030303,2362,3737,0.018120227,0.474789688,0.002160442,0.0790704,0.02926407,4.48E-03,0.112817362,0.048484848,0.006060606,0.042424242,3.70E-05,0.301617401,0.001326949,0.310161801,0.031708513,0.008384632,0.350254946,417,2028,390,628,0.4,0.142857143,305.625,217.8214286
584,gaming,16728,101,101,101,2796,1548,643,0.276831683,0.852277228,1.743069307,1.80970297,0.66548263,0.387975157,0.293246994,0.277227723,0.3372458,0.252107365,0.19960396,2016,116,0.084848485,0.036363636,0.048484848,1194,1990,0.001570584,0.449306626,0.002626216,0.1143077,0.028592122,0.002720519,0.145620341,0.109090909,0.066666667,0.042424242,0.005321508,0.325188537,0.00813423,0.113557682,0.028293176,0.005343959,0.147194816,2923,2029,855,608,0.272727273,0.384615385,275.1111111,227.4285714
584,gardening,6536,101,101,101,6023,1641,588,0.596336634,1.813564356,1.384059406,1.738294674,0.784968119,0.52837335,0.716443431,0.414655172,0.672371871,0.501630345,0.485346535,4902,105,0.412121212,0.181818182,0.23030303,9248,11929,0.004600887,0.506543138,0.005312151,0.043997981,0.046099384,0.015854587,0.105951952,0.060606061,0.018181818,0.042424242,0,0.331947652,0.001162584,0.22771788,0.06602289,0.015492242,0.309233012,965,1851,416,1380,0.789473684,0.428571429,281.6,311.4264706
584,genealogy,1977,101,101,101,6813,2668,1380,0.674554455,2.697326733,1.311089109,1.627128713,0.864752227,0.680007165,0.670262319,0.433637829,0.714233975,0.485839265,0.532772277,5381,105,0.103030303,0.03030303,0.072727273,1282,3548,0.009368071,0.458370448,0.001644305,0.255430046,0.072770621,0.015081688,0.343282355,0.042424242,0.006060606,0.036363636,0,0.318699187,0.001091123,0.358298061,0.073783642,0.017953992,0.450035695,213,1687,117,1298,0.416666667,0.166666667,271.4285714,284.1176471
584,geography,1395,101,101,101,2155,708,544,0.213366337,0.358118812,1.827425743,2.158505155,0.588802415,0.364964002,0.461016949,0.284936479,0.367969213,0.240744871,0.185148515,1870,116,0.109090909,0.036363636,0.072727273,1073,2253,0.001662971,0.46507177,0.001356356,0.094351831,0.045062736,0.007282871,0.146697438,0.115151515,0.048484848,0.066666667,0.010957132,0.35843724,0.002095113,0.078816784,0.026151169,0.003809707,0.10877766,1408,2722,1053,1076,0.285714286,0.1875,217.3684211,184.7777778
584,golf,17167,101,101,101,3930,2167,924,0.389108911,1.504455446,1.55020202,1.87,0.770461476,0.515260074,0.295746785,0.306996381,0.423170721,0.378167107,0.30049505,3035,101,0.066666667,0.024242424,0.042424242,545,1150,0.002808574,0.356624541,0.002063159,0.104114305,0.045810915,0.005233958,0.155159178,0.054545455,0.024242424,0.03030303,0.012971175,0.275351213,0.002390646,0.217692973,0.084666027,0.020954582,0.323313582,1075,933,283,258,0.1,0.8,223.1111111,154.0909091
584,guitar,5839,101,101,101,3033,777,366,0.30029703,0.441980198,1.441188119,1.828393471,0.706705649,0.437242692,0.45537428,0.237261146,0.388419974,0.197921701,0.14960396,1511,104,0.175757576,0.060606061,0.115151515,2078,4169,0.006966001,0.473376623,0.001974769,0.075511655,0.044623989,0.007601135,0.127736778,0.024242424,0.006060606,0.018181818,0,0.269668543,0.00125805,0.358879869,0.113174701,0.01134233,0.483396899,178,1026,254,306,0.526315789,0.333333333,301,215.4137931
584,hacking,1782,101,101,101,1571,844,765,0.155544554,0.496534653,1.998811881,2.016697588,0.592147404,0.438327453,0.284546198,0.333333333,0.309340063,0.316378868,0.377524752,3813,109,0.024242424,0.012121212,0.012121212,297,397,0.000720621,0.363138232,0.001559947,0.526576087,0.106289952,0.006781512,0.639647551,0.036363636,0.012121212,0.024242424,0.000332594,0.306467662,0.0017655,0.378701791,0.028085056,0.004370747,0.411157593,549,1299,1689,1487,1,0.5,308,173.5
584,healthcare_medicine,21744,101,101,101,4546,2135,937,0.45009901,1.436732673,1.494848485,1.726565657,0.743179409,0.566909849,0.503306878,0.354695431,0.526811935,0.408689108,0.404653465,4087,144,0.36969697,0.206060606,0.163636364,15656,9420,0.006337768,0.487897379,0.008682142,0.068917334,0.041235051,0.012363478,0.122515863,0.157575758,0.072727273,0.084848485,0.016555802,0.374305556,0.004518064,0.118176644,0.033462821,0.007781407,0.159420872,8173,6193,3340,2602,0.648648649,0.3,552.5384615,411.0819672
584,highered,6305,101,101,101,4785,3356,1113,0.473762376,4.417722772,1.515049505,1.751584158,0.731035842,0.659521667,0.651708664,0.571161049,0.652041097,0.637709343,0.307524752,3106,110,0.103030303,0.042424242,0.060606061,2700,3430,0.000332594,0.457053292,0.002415771,0.162587574,0.081392389,0.012044427,0.25602439,0.157575758,0.036363636,0.121212121,0.016943829,0.388468468,0.002087458,0.088618974,0.038298902,1.15E-02,0.138466989,2345,6375,1261,1206,0.545454545,0.238095238,335.3846154,360.5882353
584,history,9979,101,101,101,3344,641,429,0.331089109,0.281386139,1.611782178,2.236101579,0.66435987,0.313623558,0.460262009,0.239845261,0.420149792,0.199188023,0.158316832,1599,124,0.260606061,0.121212121,0.139393939,6104,6091,0.009774575,0.483448466,0.004455002,0.090677166,0.035109157,0.010627231,0.136413554,0.084848485,0.024242424,0.060606061,0.0172949,0.344684253,0.00187353,0.160288036,0.068750432,0.019369805,0.248408273,1804,1809,3266,767,0.653846154,0.4,258.0714286,283.6046512
584,hockey,14937,101,101,101,4498,1634,1051,0.445346535,1.149405941,1.553960396,1.890594059,0.788672127,0.488936791,0.43797954,0.316680097,5.17E-01,0.321479974,0.465346535,4700,101,0.03030303,0.012121212,0.018181818,273,536,0.000184775,0.291843203,0.001001708,0.15112127,0.027846929,0.001284239,0.180252438,0.042424242,0.03030303,0.012121212,7.39E-05,0.265680838,0.002600674,0.034917878,0.000274586,6.24E-07,0.035193088,1015,363,343,296,0,0,196.8571429,161.8
584,homeschool_school,11250,101,101,101,5958,1915,758,0.58990099,1.571683168,1.403762376,1.692872807,0.803365365,0.583996519,0.713053479,0.387681159,0.682476391,0.446675679,0.281386139,2842,103,0.218181818,0.096969697,0.121212121,3999,5304,0.002549889,0.477641278,0.002643609,0.097064816,0.061132567,0.01248173,0.170679112,0.054545455,0,0.054545455,0,0.34341052,0.000903614,0.133228303,0.036712358,0.004279592,0.174220253,0,1884,390,647,0.8,0,209.3333333,258.4166667
584,horror,4166,101,101,101,4364,1186,559,0.432079208,0.756039604,1.509405941,2.028686869,0.716445293,0.411162666,0.543140028,0.206510682,0.507689625,0.22999154,0.141089109,1425,108,0.16969697,0.060606061,0.109090909,2478,5502,0.001773836,0.466435617,0.003081846,0.082406015,0.077119429,0.021442843,0.180968288,0.084848485,0.03030303,0.054545455,0.001699926,0.313144517,0.002857466,0.273451562,0.092281819,0.027293223,0.393026603,2128,3435,903,969,0.555555556,0.4,397.3571429,285
584,hospitality,8587,101,101,101,3460,1016,263,0.342574257,0.567425743,1.617676768,1.955988456,0.631385676,0.395080554,0.542576906,0.230024213,0.451984684,0.212881425,0.109405941,1105,111,0.43030303,0.181818182,0.248484848,8283,12828,0.003824834,0.524932493,0.005227551,0.037315816,0.04144735,0.014792007,0.093555173,0.145454545,0.048484848,0.096969697,0.009996305,0.364805415,0.001914896,0.09055073,0.027767402,0.005116071,0.123434203,1555,8075,644,418,0.651162791,0.2,401.25,297.3380282
584,housing,1970,101,101,101,3972,1043,763,0.393267327,0.45019802,1.73960396,1.744736842,0.771840349,0.572850953,0.501133787,0.311949686,0.558371673,0.277230432,0.247425743,2499,110,0.072727273,0.024242424,0.048484848,1168,1965,0,0.386054722,0.001403259,0.174463453,0.068365121,0.011192341,0.254020916,0.042424242,0.012121212,0.03030303,0,0.309770115,0.001125284,0.263180995,0.055307804,0.006375081,0.32486388,734,1956,749,6.08E+02,0.5,0.4,384.2857143,261.0833333
584,html,2309,101,101,101,1790,1733,1084,0.177227723,1.666336634,1.796435644,1.843742851,0.585829663,0.567101321,0.389449185,0.488831615,0.349814299,0.506343841,0.431980198,4363,121,0.048484848,0.03030303,0.018181818,1225,1047,0.000110865,0.364804003,0.003659589,0.331172278,0.076726708,0.010271643,0.418170629,0.109090909,0.060606061,0.048484848,0.031799704,0.319407407,0.006813324,0.270578934,0.148447014,0.036939913,0.45596586,5781,5580,1461,1912,0.6,0.8,631.1666667,284
584,humanrights_activism_justice,19746,101,101,101,2151,866,416,0.212970297,0.545544554,1.840891089,2.39627193,0.542307673,0.428773123,0.476321208,0.253256151,0.357730555,0.282322863,0.279405941,2822,145,0.593939394,0.296969697,0.296969697,15110,14643,0.016180094,0.53553719,0.009930838,0.031292647,0.036160858,0.013427783,0.080881287,0.254545455,0.145454545,0.109090909,0.045824095,0.383288889,0.007102198,0.069924943,0.060081523,0.015970992,0.145977458,9663,10334,6227,4528,0.633333333,0.3125,476.1190476,303.6020408
584,hunting,2504,101,101,101,5786,1418,598,0.572871287,1.292079208,1.448811881,1.690460526,0.799950046,0.589545433,0.649372862,0.356937799,0.632946352,0.357752085,0.183267327,1851,114,0.181818182,0.078787879,0.103030303,4902,6359,0.003399852,0.46918745,0.003380782,0.165720455,0.061232068,0.016632792,0.243585316,0.042424242,0.018181818,0.024242424,0,0.319407407,0.002261585,0.306548421,0.036414729,0.005531104,0.348494254,1205,2384,197,355,0.764705882,0.4,512.7142857,375.3666667
584,innovation,14499,101,101,101,3621,1711,695,0.358514851,1.46009901,1.674752475,2.027107813,0.674841634,0.536251849,0.539540816,0.328416149,0.516575112,0.403844485,0.292574257,2955,124,0.593939394,0.327272727,0.266666667,15148,13468,0.023300074,0.52667068,0.009640695,0.031633199,0.037898755,0.012909439,0.082441393,0.290909091,0.151515152,0.139393939,0.038858093,0.403745318,0.006286543,0.051929637,0.037762251,0.011184746,0.100876634,8173,9455,3340,2574,0.606557377,0.371428571,367.25,292
584,insurance,5325,101,101,101,3531,800,357,0.34960396,0.401485149,1.689405941,1.80890538,0.685623027,0.453223814,0.521327014,0.282051282,0.450275168,0.237559809,0.117920792,1191,102,0.151515152,0.042424242,0.109090909,1574,4495,0.003948017,0.471971945,0.001727611,0.0871172,0.0556541,0.010440561,0.15321186,0.072727273,0.012121212,0.060606061,0.002568367,0.331947652,0.001154663,0.111134743,0.0316186,0.004094306,0.146847649,321,2402,196,586,0.388888889,0,226.9166667,242.76
584,investor,3429,101,101,101,2467,1680,833,0.244257426,1.008415842,2.106369821,1.772229822,0.683459255,0.572791407,0.388294879,0.397670549,0.495861869,0.453713604,0.251386139,2539,117,0.309090909,0.175757576,0.133333333,8563,6673,0.012971175,0.477641278,0.008270202,0.065295378,0.039062165,0.007851901,0.112209444,0.193939394,0.072727273,0.121212121,0.012823356,0.376265271,0.008565623,0.149455236,0.067156535,0.014182532,0.230794303,4849,10788,2568,3073,0.457142857,0.28,488.65625,298.745098
584,ipad,2823,101,101,101,884,423,162,0.087524752,0.384851485,2.204184704,2.381926684,0.5422975,0.432009152,0.3,0.317757009,0.221437245,0.384391534,0.041782178,422,147,0.133333333,0.060606061,0.072727273,2683,3758,0.000203252,0.454441558,0.004700322,0.114954725,0.07634588,0.016605811,0.207906416,0.133333333,0.072727273,0.060606061,0.003695492,0.320118782,0.009568694,0.22194769,0.09639292,2.10E-02,0.33933074,5573,6982,1182,1678,0.833333333,0.571428571,570.6818182,292.7727273
584,islam,3228,101,101,101,1236,295,235,0.122376238,0.10019802,1.884044527,1.23923517,0.563088774,0.270637589,0.242211055,0.138996139,0.276627819,0.192340426,0.09970297,1007,108,0.03030303,0.006060606,0.024242424,366,647,0,0.386994028,0.001081607,0.362615709,0.049917906,0.006645971,0.419179586,0.036363636,0,0.036363636,0,0.305253796,0.000903614,0.262754615,0.114205616,0.013777475,0.390737706,0,2155,189,427,0.25,0,359.1666667,202.6
584,java,2705,101,101,101,1864,1453,1225,0.184554455,1.108118812,1.862277228,1.949420103,0.557293578,0.476250912,0.329529244,0.487205732,0.323796413,0.35643628,0.681485149,6883,106,0.03030303,0.006060606,0.024242424,144,811,0,0.369894292,0.000994524,0.256529152,0.151003598,0.028892146,0.436424896,0.048484848,0.012121212,0.036363636,0,0.303875969,0.001368216,0.294146946,0.118017489,0.040968937,0.453133372,733,1882,703,1441,0.25,0.333333333,326.875,191
584,jazz,7422,101,101,101,3861,1188,729,0.382277228,0.786930693,1.462376238,1.916774055,0.70624328,0.440289432,0.449868569,0.255813953,0.453649283,0.297530199,0.25970297,2623,104,0.139393939,0.036363636,0.103030303,1057,3121,0.019419808,0.466435617,0.001586964,0.065139355,0.042778895,0.009920582,0.117838832,0.054545455,0.018181818,0.036363636,0.004656319,0.289201878,0.001526834,0.272189941,0.03738462,0.002845484,0.312420045,773,2296,301,743,0.277777778,0.125,341,181.6521739
584,jewish,2333,101,101,101,5411,1970,683,0.535742574,1.010891089,1.389108911,1.753663366,0.779118634,0.525132784,0.592876067,0.304635762,0.602117061,0.350632644,0.226138614,2284,108,0.193939394,0.060606061,0.133333333,1981,5505,0.000258684,0.476211214,0.002338482,0.062321766,0.040891187,0.008975942,0.112188895,0.103030303,0.012121212,0.090909091,0.007372506,0.372366149,0.001041064,0.099650756,0.045141669,0.005823259,0.150615683,332,3851,642,1135,0.454545455,0.0625,246.0588235,233.9375
584,jokes,1347,101,101,101,477,120,69,0.047227723,0.042673267,2.349247606,0.388961039,0.49301405,0.208252462,0.485981308,0.132075472,0.282518641,0.253521127,0.115049505,1162,113,0.145454545,0.084848485,0.060606061,2472,2156,0.004619364,0.454441558,0.005888274,0.088590484,0.02586486,0.002514932,0.116970275,0.048484848,0.012121212,0.036363636,0,0.311785973,0.003550338,0.367229417,0.039517625,0.005849235,0.412596277,634,2068,2033,673,0.5,0.333333333,337.75,192.8333333
584,lawyer_legal,19862,101,101,101,5417,1958,833,0.536336634,1.602376238,1.441584158,1.860131932,0.758880076,0.486182319,0.657588739,0.373071529,0.608823263,0.404227567,0.28980198,2927,102,0.424242424,0.181818182,0.242424242,7855,10747,0.002746982,0.516410862,0.005702627,0.041790056,0.046529598,0.014331127,0.10265078,0.109090909,0.036363636,0.072727273,0.002993348,0.348022599,0.001517485,0.100472106,0.039855314,0.006056945,0.146384364,1678,4368,353,1255,0.627906977,0.2,335.8888889,265.7428571
584,lesbian,2125,101,101,101,2630,586,219,0.26039604,0.286534653,1.639191919,2.26984127,0.671803017,0.347684583,0.458679978,0.142300195,0.423876066,0.174862763,0.054950495,555,111,0.260606061,0.054545455,0.206060606,1637,7796,0.008665928,0.504935065,0.00188513,0.038430117,0.035356095,0.009778354,0.083564565,0.109090909,0.036363636,0.072727273,0.007612712,0.343859649,0.004448184,0.111396409,0.046079972,0.00663818,0.164114561,1223,3893,630,795,0.264705882,0.285714286,284.2222222,219.372093
584,liberal,5334,101,101,101,3869,1351,1113,0.383069307,1.261782178,1.831919192,1.907878788,0.722529056,0.419693394,0.510148322,0.16969697,0.522565548,0.271512785,0.599405941,6054,150,0.606060606,0.387878788,0.218181818,16697,11603,0.020559251,0.511429407,0.015129755,0.030555514,0.02938472,0.008877646,0.06881788,0.23030303,0.145454545,0.084848485,0.022597931,0.361139028,0.016838566,0.140946953,0.070700254,0.010920476,0.222567683,7776,10488,4190,11521,0.470588235,0.225806452,480.6315789,283
584,linguistics,1851,101,101,101,2876,1024,902,0.284752475,0.983663366,1.786138614,2.646161616,0.697250897,0.591591384,0.474115838,0.438202247,0.459225333,0.383787814,0.458316832,4629,106,0.060606061,0.018181818,0.042424242,510,1223,0.000849963,0.398632946,0.00117297,0.17423265,0.028415591,0.003262748,0.205910988,0.042424242,0.012121212,0.03030303,0.001441242,0.294535519,0.001058646,0.23145694,0.057258354,0.009223535,0.297938829,363,903,1078,993,0.428571429,0.166666667,180.8571429,173.3
584,linux_opensource,8908,101,101,101,1015,257,139,0.10049505,0.193465347,1.623465347,1.383893557,0.532199963,0.248465345,0.225845411,0.13215859,0.169547641,0.089391691,0.054059406,546,101,0.036363636,0.012121212,0.024242424,243,698,0.001995565,0.439377197,0.00130162,0.31450816,0.050803737,0.002589169,0.367901066,0.018181818,0.006060606,0.012121212,0,0.297584541,0.001035748,0.266642479,0.006703173,4.45E-05,0.273390142,151,358,411,85,0.5,0,169.6666667,156.8333333
584,literacy,2955,101,101,101,3326,1150,829,0.329306931,0.924158416,1.695049505,2.156532716,0.65165521,0.463718291,0.614563107,0.393939394,0.503347391,0.370389249,0.387722772,3916,113,0.206060606,0.066666667,0.139393939,4149,8224,0.000406504,0.486405338,0.002981894,0.094792083,0.05050773,0.012029349,0.157329162,0.115151515,0.042424242,0.072727273,0.017701404,0.365733673,0.00189595,0.118889446,0.053389115,0.01145629,0.183734851,2010,6428,980,2066,0.47826087,0.583333333,444.1052632,363.9117647
584,mac_iphone,23853,101,101,101,1179,647,314,0.116732673,0.533465347,2.034399327,2.450549451,0.541633898,0.422052405,0.274298056,0.362105263,0.300247659,0.435066566,0.122277228,1235,154,0.096969697,0.048484848,0.048484848,1937,1884,0.010125647,0.448040973,0.00388911,0.164307826,0.105581086,0.026998347,0.29688726,0.115151515,0.078787879,0.036363636,0.000886918,0.311785973,0.006951353,0.168321641,0.102019926,0.02528467,0.295626237,4934,2909,1708,1.49E+03,0.777777778,0.357142857,412.7894737,238.8125
584,magazine,24106,101,101,101,1019,340,89,0.100891089,0.062277228,2.032830016,1.937984496,0.452751471,0.259746404,0.2721598,0.093247588,0.268214055,0.122794118,0.014752475,149,156,0.557575758,0.357575758,0.2,13565,11097,0.027660754,0.501749355,0.014298115,0.041089791,0.020355952,0.005478661,0.066924404,0.321212121,0.212121212,0.109090909,0.051681449,0.365733673,0.011782458,0.146139328,0.048908331,0.011928974,0.206976633,10738,16792,3758,2170,0.46031746,0.292682927,519.4339623,268.0652174
584,magician,1141,101,101,101,2603,1279,504,0.257722772,1.035247525,1.745346535,2.211129813,0.675114614,0.462560058,0.358559499,0.350580781,0.396769778,0.358962728,0.197722772,1997,103,0.03030303,0.006060606,0.024242424,152,1176,0,0.443048873,0.000994672,0.264961578,0.027548197,0.000782571,0.293292347,0.060606061,0.006060606,0.054545455,0.006577975,0.346345382,0.002362649,0.179670766,0.06242412,0.006272403,0.248367289,342,2295,202,674,0.25,0.111111111,263.7,265.6
584,management,7405,101,101,101,828,247,137,0.081980198,0.182574257,2.22309613,2.281780538,0.446963026,0.280167546,0.401015228,0.247474747,0.303244217,0.231666667,0.03970297,401,124,0.236363636,0.127272727,0.109090909,6512,5741,0.001589061,0.470575578,0.00466069,0.074013237,0.052681189,0.011044138,0.137738564,0.163636364,0.066666667,0.096969697,0.005358463,0.367604433,0.003079778,0.096394461,0.042574618,0.011132343,0.150101423,3871,5585,1796,1156,0.56,0.227272727,350.2222222,314.1794872
584,marketing,139084,101,101,101,4470,1559,285,0.442574257,1.46960396,1.494743352,1.72743561,0.725351692,0.500036919,0.714614499,0.335904027,0.608399994,0.421453787,0.108613861,1097,138,1.466666667,0.739393939,0.727272727,67244,58431,0.093766938,0.761026533,0.041181146,0.015644503,0.026051705,0.013756784,0.055452992,0.412121212,0.248484848,0.163636364,0.031060606,0.411843362,0.014742842,0.061556281,0.037133142,0.013147631,0.111837053,28418,13173,3377,1479,0.905511811,0.47826087,611.6323529,519.3181818
584,marriage,1050,101,101,101,4229,1506,957,0.418712871,1.092574257,1.533861386,1.749140893,0.73566223,0.576039619,0.558216654,0.431558935,0.524618474,0.403740293,0.368613861,3723,105,0.2,0.084848485,0.115151515,4082,5642,0.000110865,0.471971945,0.002732908,0.076577674,0.050597675,0.012450798,0.139626147,0.090909091,0.03030303,0.060606061,0.007280118,0.350569106,0.001151922,0.120994226,0.029212959,0.006412687,0.156619872,880,2662,367,319,0.736842105,0.363636364,236.1333333,294.6666667
584,mathematics,1666,101,101,101,2220,1126,839,0.21980198,1.058316832,1.829504951,2.947777778,0.678681088,0.542597818,0.465346535,0.419924338,0.467370554,0.395199669,0.405049505,4091,102,0.024242424,0.006060606,0.018181818,251,680,0,0.376015474,0.001065412,0.451791209,0.018473388,0.001092592,0.471357188,0.036363636,0,0.036363636,0,0.324289667,0.000903614,0.187464296,0.048923164,0.005545629,0.241933089,0,1209,879,740,0.333333333,0,201.5,232.75
584,meditation,2322,101,101,101,1725,146,82,0.170792079,0.05009901,1.835291692,1.950290276,0.494429559,0.162991097,0.731927711,0.216666667,0.383314159,0.12962963,0.015742574,159,123,0.581818182,0.266666667,0.315151515,12856,15630,0.012318305,0.544707347,0.007398402,0.032694236,0.039580218,0.016527308,0.088801762,0.060606061,0.012121212,0.048484848,0.001921656,0.348867314,0.001565072,0.325835231,0.088858817,0.019672113,0.434366161,1150,2858,1270,949,0.846153846,0.25,400.8,296.7291667
584,mobile_smartphone,21393,101,101,101,2076,729,334,0.205544554,0.453366337,1.632079208,2.640122028,0.549640183,0.359435538,0.42778542,0.229342327,0.317225584,0.251351351,0.096435644,974,117,0.16969697,0.072727273,0.096969697,2893,4575,0.003455285,0.459695218,0.003850695,0.095857053,0.066758831,0.012738467,0.175354351,0.345454545,0.266666667,0.078787879,0.040798226,0.353153153,0.011093581,0.029512351,0.012604523,0.002143413,0.044260287,12044,4540,1118,788,0.647058824,0.14,290.9473684,266.7142857
584,motorcycle,4008,101,101,101,2824,1306,613,0.27960396,1.278316832,1.839207921,1.921459493,0.65604005,0.464855207,0.462454687,0.370409234,0.418566359,0.36138575,0.345643564,3491,117,0.084848485,0.024242424,0.060606061,1065,1894,0.005838877,0.451859504,0.001413258,0.152383921,0.066291734,0.008555564,0.227231219,0.03030303,0.012121212,0.018181818,0.001108647,0.280729167,0.001759268,0.380916405,0.021714275,0.000338372,0.402969051,516,854,130,382,0.4,0.666666667,274,211.3571429
584,multimedia,2802,101,101,101,3296,1156,760,0.326336634,0.471881188,1.637227723,1.927547592,0.693281147,0.501970788,0.400764981,0.294512878,0.457007364,0.292519407,0.256138614,2587,110,0.115151515,0.042424242,0.072727273,1592,3332,0.003067258,0.457053292,0.002489446,0.154030624,0.027305699,4.31E-03,0.185648243,0.084848485,0.024242424,0.060606061,0.003658537,0.344684253,0.003699624,0.160027889,0.035589176,0.007389362,0.203006427,1396,4944,1906,1781,0.461538462,0.272727273,452.8571429,259.1578947
584,musician_singer,38673,101,101,101,735,571,55,0.072772277,0.221485149,1.982222222,2.121052632,0.392145353,0.268746225,0.22296173,0.280269058,0.127158672,0.202068417,0.018811881,190,118,0.4,0.351515152,0.048484848,15470,1783,0.014726534,0.387937916,0.024938304,0.017599567,0.00687787,0.00080679,0.025284228,0.351515152,0.266666667,0.084848485,0.022209904,0.338196078,0.037367754,0.054169808,0.022607323,0.005729589,0.08250672,20814,3918,1713,747,0.137931034,0.318181818,426.4137931,261.4090909
584,nature,12229,101,101,101,4494,1338,622,0.444950495,2.038019802,1.531980198,2.038019802,0.687677442,0.489411054,0.734465457,0.372307692,0.587400244,0.430616988,0.41970297,4239,126,0.684848485,0.321212121,0.363636364,18461,20682,0.016752895,0.552272727,0.010032823,0.032997612,0.038440541,0.015444696,0.086882849,0.2,0.072727273,0.127272727,0.04135255,0.403745318,0.003303251,0.106102304,0.052760652,0.011448856,0.170311813,6374,10180,2437,2727,0.793650794,0.32,501.6363636,346.3982301
584,neuroscience,2258,101,101,101,3031,932,767,0.30009901,0.516831683,1.555247525,1.903179825,0.670126315,0.457062143,0.376475931,0.362573099,0.381075762,0.323993942,0.307425743,3105,126,0.103030303,0.048484848,0.054545455,2145,2414,0.006152993,0.451859504,0.002025881,0.193381495,0.040673703,0.007462629,0.241517826,0.072727273,0.024242424,0.048484848,0.002087953,0.345512821,0.001612314,0.202276518,0.031107195,0.011303491,0.244687205,1467,2367,2224,1828,0.7,0.333333333,319.5,268.1764706
584,newspaper,3704,101,101,101,634,94,48,0.062772277,0.024653465,2.074671053,0.225765306,0.611552066,0.245794508,0.360515021,0.146341463,0.229644026,0.141975309,0.024158416,244,112,0.442424242,0.309090909,0.133333333,9790,4345,0.019487559,0.476211214,0.008128184,0.021438274,0.015042157,0.002935031,0.039415462,0.648484848,0.618181818,0.03030303,0.029065041,0.320833333,0.045488941,0.00411466,5.43E-05,1.25E-06,0.004170217,47524,1093,2091,1576,0.25862069,0.038834951,454.364486,193.630137
584,nursing,2407,101,101,101,4619,1184,654,0.457326733,0.712871287,1.414752475,1.919188596,0.785151687,0.450243917,0.51145288,0.356242841,5.43E-01,0.316995279,0.295544554,2985,104,0.115151515,0.036363636,0.078787879,1799,5037,0.001071693,0.461027668,0.001927005,0.233281168,0.096037891,0.021987067,0.351306126,0.054545455,0.006060606,0.048484848,3.70E-05,0.338993711,0.001123134,0.375870599,0.06066261,0.035141338,0.471674547,354,3237,473,1114,0.461538462,0.125,399,359.7894737
584,nutrition,9947,101,101,101,4233,1461,666,0.419108911,0.775544554,1.618217822,1.996381579,0.693044081,0.469569676,0.607061503,0.359069767,0.575566697,0.436451874,0.193663366,1956,127,0.472727273,0.212121212,0.260606061,12699,16760,0.00218034,0.513079179,0.006813736,0.044584261,0.044614626,0.015552818,0.104751705,0.127272727,0.048484848,0.078787879,0.001921656,0.354897119,0.00286701,0.128492871,0.042243598,0.008822473,0.179558942,3346,8966,1922,2174,0.659574468,0.5,586.2857143,377.6794872
584,outdoors_hiking,12172,101,101,101,4184,1540,579,0.414257426,1.047425743,1.566893424,1.720606061,0.691416237,0.508176962,0.608612072,0.371326803,0.524363919,0.300847656,0.22039604,2226,112,0.309090909,0.127272727,0.181818182,7255,10528,0.002217295,0.497045455,0.004772612,0.076108072,0.049298635,0.013604921,0.139011628,0.084848485,0.018181818,0.066666667,0.000591279,0.364805415,0.00205988,0.269662268,0.059325487,0.016091568,0.345079322,2134,6085,984,1276,0.7,0.272727273,587.0714286,348.6862745
584,parenting,13635,101,101,101,5478,1286,481,0.542376238,0.947920792,1.387326733,2.097878788,0.776980181,0.450898936,0.707605985,0.309572301,0.637882631,0.321490208,0.168316832,1700,120,0.793939394,0.36969697,0.424242424,23702,28126,0.016186253,0.582617383,0.012411486,0.025605717,0.030917576,0.01428404,0.070807333,0.242424242,0.084848485,0.157575758,0.022172949,0.402614379,0.003376881,0.06679407,0.027115674,0.008776535,0.102686278,6987,7743,1649,1912,0.794520548,0.333333333,368.25,395.6335878
584,peace,5385,101,101,101,2856,532,558,0.282772277,0.285049505,1.902574257,1.631837307,0.747725383,0.55837169,0.454175153,0.228637413,0.508984952,0.326310551,0.308613861,3117,116,0.157575758,0.060606061,0.096969697,3109,5216,0.000554324,0.466435617,0.002352062,0.095397148,0.071369172,0.015670881,0.182437201,0.066666667,0.012121212,0.054545455,0.001108647,0.349716139,0.001082898,0.15176215,0.119292725,0.032456915,0.303511791,793,2963,1033,1644,0.444444444,0.222222222,341.4545455,320.1923077
584,perl,1323,101,101,101,3660,2263,1039,0.362376238,1.529405941,1.504356436,1.733131313,0.730897956,0.623238692,0.418604651,0.515740121,0.470748637,0.478897789,0.285742574,2886,101,0.03030303,0,0.03030303,0,1032,0,0.3710236,0.000903614,0.213486269,0.106832405,0.01458546,0.334904134,0.060606061,0,0.060606061,0,0.34341052,0.000903614,0.113614519,0.086861074,0.02265027,0.223125864,0,2821,220,1340,0,0,282.1,206.4
584,pharma,5722,101,101,101,5505,1549,822,0.545049505,1.09029703,1.30049505,1.603695409,0.832166893,0.523270052,0.528742016,0.405626134,0.609610499,0.46202875,0.330594059,3339,119,0.181818182,0.072727273,0.109090909,4511,7443,0.002549889,0.470575578,0.00352256,0.167486253,0.070952077,0.01564081,0.25407914,0.121212121,0.036363636,0.084848485,0.004563932,0.363881857,0.002767327,0.24162551,0.046843637,0.010252928,0.298722076,2635,5698,1068,1836,0.666666667,0.25,416.65,398.4666667
584,philosophy,4185,101,101,101,1536,620,429,0.152079208,0.755940594,1.886969697,1.743064182,0.566206916,0.495409897,0.413063477,0.428571429,0.369623656,0.466360856,0.222475248,2247,107,0.181818182,0.072727273,0.109090909,2191,3524,0.001977088,0.470575578,0.00206535,0.064000018,0.04579979,0.009901351,0.11970116,0.048484848,0.012121212,0.036363636,0.000776053,0.321551081,0.001107022,0.134806554,0.036298048,0.008792155,0.179896758,309,949,680,3264,0.578947368,0.142857143,157.25,190.5
584,photography,68938,101,101,101,3042,1227,577,0.301188119,0.69960396,1.635445545,2.046491228,0.640819599,0.426589714,0.481012658,0.332247557,0.402090822,0.369449886,0.282475248,2853,120,0.636363636,0.36969697,0.266666667,14903,10589,0.025166297,0.518092982,0.009109161,0.026560963,0.028885793,0.010684335,0.066131091,0.084848485,0.03030303,0.054545455,0.001367332,0.337402191,0.00273957,0.143510273,0.036369057,0.009550774,0.189430104,1958,3653,2228,999,0.640625,0.166666667,400.7857143,242.7809524
584,php,4296,101,101,101,3630,3729,1714,0.359405941,4.781881188,1.618712871,1.672026386,0.724018074,0.721334947,0.414102065,0.634092901,0.534413045,0.666541083,0.615049505,6212,110,0.018181818,0.006060606,0.012121212,117,471,0,0.364804003,0.000977479,0.327308645,0.038263729,0.002477723,0.368050097,0.090909091,0.024242424,0.066666667,0.010458241,0.315897436,0.001748595,0.139812184,0.170611323,0.067808858,0.378232365,1079,3539,253,1511,0,0.363636364,307.8666667,196
584,piano,1536,101,101,101,2034,501,179,0.201386139,0.702871287,2.101584158,2.691496267,0.619114657,0.415984135,0.687966805,0.518181818,0.486068169,0.47852349,0.065148515,658,101,0.024242424,0.006060606,0.018181818,373,715,0,0.439377197,0.001122335,0.573495621,0.050377052,0.010804622,0.634677295,0.036363636,0.012121212,0.024242424,0,0.274824729,0.001499978,0.401023566,0.081222547,0.029708871,0.511954984,839,970,7.00E+01,5.47E+02,0.333333333,0.2,301.5,272
584,poetry,7552,101,101,101,3560,1161,855,0.352475248,1.081584158,1.55970297,2.045339785,0.660847288,0.477446454,0.645862228,0.295758929,0.512152184,0.38350976,0.666930693,6736,111,0.296969697,0.127272727,0.16969697,5203,7499,0.004656319,0.493958216,0.003689103,0.067373855,0.053630824,0.013642839,0.134647518,0.060606061,0.012121212,0.048484848,0.003307465,0.338993711,0.00104528,0.246560857,0.145385235,0.032066082,0.424012174,381,2279,547,1609,0.75,0.25,266,259.2244898
584,poker,10632,101,101,101,4047,3277,1243,0.400693069,2.365247525,1.574554455,1.712673267,0.745623706,0.645220289,0.39986164,0.455797423,0.447103539,0.477891206,0.405346535,4094,109,0.036363636,0.006060606,0.03030303,612,966,0,0.359851913,0.001204353,0.325213929,0.016085547,0.001124213,0.342423688,0.036363636,0.006060606,0.03030303,0,0.302856076,0.001374688,0.435732028,0.037156668,0.01064591,0.483534606,847,1151,237,707,0.2,0.2,333,263
584,politics_news,220652,101,101,101,2594,989,298,0.256831683,0.736138614,1.641616162,1.949715969,0.672065611,0.370854676,0.267220322,0.181600956,0.324567365,0.21348854,0.279405941,2822,156,1.036363636,0.775757576,0.260606061,46523,12354,0.063470067,0.521490313,0.045017993,0.013712657,0.014533495,0.005287968,0.03353412,0.793939394,0.690909091,0.103030303,0.107058389,0.361139028,0.088368425,0.021158163,0.009041236,0.001713604,0.031913003,66671,7123,9074,4608,0.3359375,0.139130435,563.3129771,344.3099415
584,poverty,2447,101,101,101,1955,728,453,0.193564356,0.398514851,1.952079208,2.599104143,0.567210451,0.45553135,0.477702192,0.386666667,0.375244123,0.354333261,0.211584158,2137,122,0.284848485,0.121212121,0.163636364,5176,8641,0.00654102,0.487897379,0.003764963,0.068058655,0.04643737,0.011709902,0.126205927,0.157575758,0.048484848,0.109090909,0.012305987,0.389521229,0.00223902,0.112980542,0.071722808,0.016773635,0.201476985,3090,9630,2363,2653,0.516129032,0.368421053,489.2307692,293.9787234
584,pregnancy,1747,101,101,101,2309,520,293,0.228613861,0.558910891,1.292376238,1.616666667,0.7368831,0.372411661,0.509803922,0.303258145,0.472892396,0.345248734,0.117029703,1182,111,0.145454545,0.054545455,0.090909091,2953,4800,0.001644494,0.463715876,0.002077905,0.220689647,0.057215596,0.009025294,0.286930538,0.036363636,0.012121212,0.024242424,0.000665188,0.319407407,0.001159759,0.567645149,0.010481271,0.002937006,0.581063427,743,2242,308,549,0.5,0.2,497.5,323.0416667
584,psychology_mentalhealth,7569,101,101,101,3754,842,521,0.371683168,0.876039604,1.362376238,1.69835278,0.698581943,0.386897952,0.600170503,0.25297619,0.51636996,0.226938275,0.214257426,2164,119,0.442424242,0.218181818,0.224242424,9649,10934,0.005838877,0.508161487,0.005752467,0.038493285,0.03896434,0.014176375,0.091634,0.139393939,0.036363636,0.103030303,0.018181818,0.39164396,0.001947298,0.091882468,0.026341903,0.004710022,0.122934393,1972,6577,1650,1636,0.825,0.210526316,371.6956522,281.9589041
584,publicrelations,2642,101,101,101,2945,766,166,0.291584158,0.483168317,1.746435644,2.257675439,0.631543428,0.410594922,0.712209302,0.247557003,0.519490726,0.326949519,0.063762376,644,115,0.557575758,0.236363636,0.321212121,12481,19937,0.009472777,0.541001855,0.008468701,0.049258119,0.048004725,0.014047932,0.111310776,0.23030303,0.048484848,0.181818182,0.01635255,0.415414258,0.003422613,0.150879164,0.061981257,0.017052024,0.229912445,3311,16361,851,1373,0.672727273,0.1875,517.6842105,352.3695652
584,publishing_literature,22559,101,101,101,5235,2114,956,0.518316832,1.193267327,1.479292929,1.927128713,0.781160075,0.520652527,0.540612125,0.283545841,0.60230228,0.359345763,0.294653465,2976,133,0.454545455,0.254545455,0.2,14301,11461,0.012650899,0.503337169,0.009159977,0.054307852,0.03983923,0.010947358,0.105094439,0.224242424,0.090909091,0.133333333,0.047690318,0.398153278,0.006778158,0.098414291,0.073836296,0.017657529,0.189908117,9537,12900,6218,1691,0.5625,0.275862069,606.4054054,343.4933333
584,python,2962,101,101,101,3539,3230,1466,0.35039604,3.959009901,1.594554455,1.598585859,0.694416616,0.680681882,0.483857442,0.604570293,0.500856506,0.581419671,0.446732673,4512,107,0.036363636,0.006060606,0.03030303,205,1141,0,0.369036068,0.001249321,0.249604243,0.181200022,0.047091231,0.477895495,0.090909091,0.036363636,0.054545455,0.002512934,0.320833333,0.002563741,0.167030004,0.188977416,0.061653895,0.417661316,2100,3301,646,1162,0.2,0.666666667,360.0666667,224.3333333
584,racing,7508,101,101,101,3102,2829,1095,0.307128713,3.527326733,1.721980198,1.718019802,0.690086324,0.687902712,0.406802721,0.471138846,0.450020229,0.510082502,0.447524752,4520,103,0.018181818,0.012121212,0.006060606,572,116,0.000110865,0.263772049,0.001162815,0.028427528,0,0,0.028427528,0.115151515,0.042424242,0.072727273,0.024722838,0.332716049,0.002461775,0.09308961,0.014290848,0.003720012,0.11110047,2007,3312,528,442,0,0.357142857,279.9473684,229.3333333
584,radio,42945,101,101,101,543,320,140,0.053762376,0.644356436,2.934225578,0.901147723,0.524138505,0.406812332,0.516759777,0.488372093,0.394822006,0.632366274,0.084851485,857,109,0.406060606,0.224242424,0.181818182,6201,8230,0.013026608,0.497045455,0.009962231,0.034114126,0.026619595,0.006115776,0.066849497,0.16969697,0.072727273,0.096969697,0.007243163,0.361139028,0.010051847,0.129564105,0.047607589,0.014169024,0.191340717,2617,10433,1436,1050,0.522727273,0.555555556,466.0714286,215.3880597
584,rapper,4565,101,101,101,3735,1725,574,0.36980198,0.644257426,1.557722772,1.994653465,0.658827179,0.403770087,0.437091189,0.318807339,0.428118091,0.299134699,0.161089109,1627,112,0.206060606,0.127272727,0.078787879,5926,4129,0.000776053,0.402669735,0.017765894,0.068207484,0.032191605,0.006694751,0.107093841,0.157575758,0.115151515,0.042424242,0.005617147,0.295747599,0.026230185,0.041237864,0.019959052,0.003862932,0.065059848,10527,2451,1100,1150,0.47826087,0.368421053,499.1538462,295.7352941
584,realestate,14435,101,101,101,4940,764,176,0.489108911,0.797722772,1.463636364,2.523666211,0.708452713,0.420577643,0.771244174,0.414814815,6.24E-01,0.537050106,0.07970297,805,105,1.109090909,0.533333333,0.575757576,32057,36823,0.037650899,0.66550019,0.019965584,0.01784579,0.032677015,0.017480178,0.068002983,0.054545455,0.006060606,0.048484848,7.39E-05,0.331182796,0.001013965,0.173969249,0.046549731,0.005893867,0.226412847,116,3938,171,557,0.90625,0.125,450.4444444,376.3934426
584,realitytv,1618,101,101,101,1178,972,246,0.116633663,0.886930693,2.457722772,2.687722772,0.496467349,0.432276186,0.320627803,0.357541899,0.295544327,0.355610973,0.063861386,645,112,0.193939394,0.127272727,0.066666667,4901,3236,0.002494457,0.396644752,0.007527362,0.051074199,0.030058421,0.005905287,0.087037907,0.248484848,0.139393939,0.109090909,0.017886179,0.363881857,0.017621703,0.058886371,0.064605004,0.021509511,0.145000886,8613,5977,977,1158,0.28,0.708333333,355.8536585,254.28125
584,recipes_cooking,11231,101,101,101,3461,689,150,0.342673267,0.475148515,1.592376238,2.101498127,0.641509647,0.313949697,0.618045816,0.319923372,0.480940536,0.360842627,0.044554455,450,147,0.503030303,0.224242424,0.278787879,15986,19699,0.005155211,0.521490313,0.008916427,0.050206267,0.049795541,0.016527912,0.11652972,0.145454545,0.060606061,0.084848485,0.00849963,0.360233918,0.004839736,0.283198077,0.164267882,0.027625199,0.475091159,7145,9792,1125,2873,0.729166667,0.6,705.7083333,429.939759
584,religion,10708,101,101,101,3264,829,552,0.323168317,0.42,1.54009901,1.954870608,0.691783041,0.408922458,0.447450111,0.254160363,0.449323013,0.248240138,0.387425743,3913,105,0.206060606,0.078787879,0.127272727,2587,4999,0.008980044,0.473376623,0.002860117,0.06331197,0.044509451,0.01204848,0.1198699,0.072727273,0.018181818,0.054545455,0.000443459,0.331947652,0.001099422,0.136989007,0.048361488,0.005362731,0.190713226,810,3181,812,777,0.545454545,0.090909091,332.5833333,223.1176471
584,reporter,7501,101,101,101,1517,655,483,0.15019802,0.355544554,1.744752475,2.12342216,0.722811094,0.524288049,0.535425101,0.353305785,0.562798635,0.414164491,0.252079208,2546,127,0.424242424,0.272727273,0.151515152,10883,8711,0.014775807,0.483448466,0.012801096,0.044825264,0.027078664,0.004904928,0.076808856,0.224242424,0.115151515,0.109090909,0.020916482,0.36949443,0.0203351,0.209948973,0.049458663,0.006193126,0.265600761,4995,11160,5554,3001,0.37254902,0.321428571,436.6216216,279.9142857
584,restaurant_dining,24293,101,101,101,1247,352,68,0.123465347,0.102178218,1.879207921,2.316885965,0.51106207,0.295734237,0.504221954,0.189189189,0.228822174,0.079603138,0.016831683,170,122,0.418181818,0.157575758,0.260606061,8134,12623,0.003991131,0.518092982,0.005236544,0.04519207,0.050988611,0.017140688,0.113321369,0.218181818,0.121212121,0.096969697,0.041297118,0.378245614,0.002768185,0.059748917,0.032023146,0.009713855,0.101485919,4247,4199,922,927,0.604651163,0.285714286,234.6111111,300.826087
584,romance,2348,101,101,101,4322,3578,1588,0.427920792,4.576633663,1.561287129,1.626534653,0.688891529,0.605884788,0.551328069,0.534305317,0.512730076,0.522638887,0.66049505,6671,121,0.060606061,0.018181818,0.042424242,1721,3031,0,0.401652893,0.001935733,0.255899961,0.104022185,0.012470737,0.372392883,0.054545455,0.024242424,0.03030303,0,0.307122507,0.003984092,0.34848813,0.189795472,0.036222672,0.574506275,4181,3661,490,4572,0.428571429,0.5,871.3333333,475.2
584,ruby,6055,101,101,101,3751,3561,1317,0.371386139,2.839207921,1.583737374,1.582222222,0.709831365,0.638114961,0.467527387,0.543563069,0.487028692,0.534937517,0.393366337,3973,110,0.072727273,0.036363636,0.036363636,1355,1538,0.00661493,0.369894292,0.003051344,0.171757065,0.090882116,0.017941966,0.280581148,0.103030303,0.042424242,0.060606061,0.013118995,0.316593245,0.003909869,0.246528743,0.153816169,0.051322852,0.451667765,3853,4322,1481,1253,0.333333333,0.545454545,480.8823529,241.0833333
584,rugby,5948,101,101,101,2330,1460,577,0.230693069,1.241782178,1.85990099,2.088888889,0.639956924,0.469326484,0.347599769,0.512953368,0.297120846,0.376213592,0.167623762,1693,101,0.018181818,0,0.018181818,0,517,0,0.292240004,0.000903614,0.346101037,0.092615605,0.006518633,0.445235274,0.03030303,0.012121212,0.018181818,0.000221729,0.282383759,0.001498458,0.228406978,0.057680907,8.59E-03,0.294676564,470,855,199,1.89E+02,0,0.25,265,172.3333333
584,running,11091,101,101,101,3051,1301,595,0.302079208,0.722673267,1.679090909,2.101881188,0.677061611,0.428460076,0.458413002,0.254580521,0.414144525,0.256084853,0.456732673,4613,109,0.115151515,0.054545455,0.060606061,2311,2262,0.006836659,0.455743683,0.003970611,0.155974975,0.052093392,0.006766706,0.214835074,0.072727273,0.042424242,0.03030303,0.010310421,0.309770115,0.002797087,0.181159798,0.028405001,0.012802899,0.222367698,1839,1541,538,1104,0.727272727,0.5,281.6666667,240.6842105
584,sailing,3531,101,101,101,4636,5.23E+02,377,0.459009901,0.19019802,1.52029703,1.674390827,0.758732374,0.345666278,0.508623495,0.210648148,0.534348619,0.157710908,0.426534653,4308,102,0.084848485,0.024242424,0.060606061,980,2016,7.39E-05,0.451859504,0.001405576,0.150538947,0.101691608,0.027320778,0.279551334,0.006060606,0,0.006060606,0,0.260475958,0.000903614,1,0,0,1,0,198,54,238,0.4,0,198,214
584,screenwriter,2342,101,101,101,3581,1562,694,0.354554455,1.585544554,1.766534653,1.906930693,0.634887238,0.47973534,0.606550022,0.348877375,0.51176065,0.368123293,0.315742574,3189,124,0.248484848,0.103030303,0.145454545,4947,8210,0.001699926,0.477641278,0.005181451,0.063059912,0.054426621,0.014604367,0.132090899,0.145454545,0.048484848,0.096969697,0.008351811,0.355775578,0.004814806,0.120261724,0.092083102,0.026172286,0.238517112,3033,6634,1030,5505,0.64,0.5,402.7916667,320.902439
584,skateboarding,1322,101,101,101,3357,2044,1034,0.332376238,1.735940594,1.614653465,1.867029703,0.684306391,0.534021977,0.386044591,0.35453943,0.42407835,0.412243645,0.474257426,4790,111,0.060606061,0.012121212,0.048484848,1216,1878,0,0.384189723,0.001577201,0.228485059,0.063997843,0.013141463,0.305624365,0.066666667,0.018181818,0.048484848,0.015853659,0.30323488,0.003198528,0.259911257,0.007912286,0.001845223,0.269668766,2079,2465,613,363,0.25,0.222222222,413.0909091,309.4
584,skiing,2226,101,101,101,4870,2208,909,0.482178218,1.696336634,1.533366337,1.720882292,0.776171606,0.553246087,0.540164453,0.383458647,0.556480778,0.360389785,0.272376238,2751,101,0.145454545,0.060606061,0.084848485,2579,3397,0.014061345,0.462367865,0.002191265,0.099841972,0.072765886,1.59E-02,0.188531166,0.078787879,0.024242424,0.054545455,0.005395418,0.336612022,0.001791972,0.17550578,0.066251591,0.016340962,0.258098334,1523,3170,1457,459,0.5,0.444444444,361,249
584,sociology,1691,101,101,101,3417,978,801,0.338316832,0.516831683,1.520594059,1.95813315,0.715793685,0.449625369,0.474115617,0.362116992,0.456573705,0.305087424,0.300693069,3037,105,0.121212121,0.024242424,0.096969697,957,3823,0.001182557,0.466435617,0.001386148,0.098186788,0.037816123,0.007779374,0.143782284,0.060606061,0.012121212,0.048484848,0.001995565,0.340600316,0.001181292,0.14898024,0.048442408,0.009192775,0.206615423,679,2785,1120,2600,0.176470588,0.111111111,346.4,239
584,sport_football,79051,101,101,101,1740,1060,345,0.172277228,0.678514851,2.385445545,2.866294972,0.646937721,0.48565311,0.337432744,0.335012594,0.372401403,0.35201669,0.183366337,1852,114,0.16969697,0.127272727,0.042424242,5708,1226,0.016974624,0.357425945,0.008182544,0.023509788,0.011630853,0.001743964,0.036884606,0.218181818,0.145454545,0.072727273,0.058333333,0.340600316,0.019008318,0.091418206,0.011451767,0.001957173,0.104827147,7208,4878,2222,783,0.166666667,0.5,335.7222222,247.6428571
584,storage,3758,101,101,101,5689,2806,865,0.563267327,3.738613861,1.441188119,1.723131313,0.791381013,0.649107524,0.648030127,0.50617284,0.659908274,0.591141224,0.259405941,2620,102,0.054545455,0.018181818,0.036363636,611,1903,0.018218773,0.450579449,0.001694227,0.253013356,0.065900562,0.004933344,0.323847262,0.042424242,0.006060606,0.036363636,0.000628234,0.320833333,0.000978425,0.242186705,0.056289404,0.004691274,0.303167384,125,1458,120,640,0.5,0.166666667,226.1428571,279.3333333
584,surfing,2204,101,101,101,4401,2412,1106,0.435742574,1.946039604,1.568383838,1.762935477,0.784590673,0.647389428,0.373595506,0.394219653,0.508227199,0.456875546,0.476336634,4811,104,0.060606061,0.012121212,0.048484848,675,2055,0,0.453146853,0.00134623,0.259214534,0.067063399,0.013412472,0.339690405,0.012121212,0.006060606,0.006060606,0,0.229239766,0.001953614,1,0,0,1,952,807,315,401,0.25,1,879.5,273
584,sustainability_ecology,20634,100,100,100,5106,1659,670,0.515757576,1.230707071,1.461142033,1.87010101,0.757234082,0.46779099,0.561945549,0.266412214,0.573698473,0.323999186,0.266767677,2641,134,0.690909091,0.296969697,0.393939394,21810,26256,0.01613082,0.566030411,0.011822979,0.039229055,0.040192883,0.014978668,0.094400606,0.303030303,0.109090909,0.193939394,0.051847746,0.431631632,0.006108329,0.083583888,0.058444161,0.017621426,0.159649476,9599,14757,3103,4257,0.676470588,0.351351351,487.12,421.6315789
584,swimming,1811,101,101,101,3019,2054,974,0.298910891,1.860693069,1.776336634,1.927231499,0.715725849,0.607615069,0.437619048,0.493818182,0.447528952,0.497961495,0.36009901,3637,102,0.018181818,0.006060606,0.012121212,124,300,0,0.290245521,0.000960056,0.254761481,0.007606899,0.000112819,0.262481199,0.036363636,0.006060606,0.03030303,0.007538803,0.294535519,0.00129777,0.263394614,0.062474192,0.004776974,0.330645779,119,1267,153,375,0,0.2,231,141.3333333
584,teaching,4521,101,101,101,3648,1067,721,0.361188119,0.94950495,1.553267327,2.265792759,0.677386935,0.50238344,0.650678733,0.307598039,0.589234433,0.450429679,0.277227723,2800,148,0.309090909,0.157575758,0.151515152,7174,6353,0.015133038,0.489398601,0.004817908,0.057588723,0.038757793,0.012439862,0.108786379,0.109090909,0.048484848,0.060606061,0.004175905,0.351426243,0.001961199,0.11626536,0.018812333,0.002989649,0.138067342,2440,2585,1678,1129,0.7,0.058823529,279.1666667,265.2352941
584,tech,137325,101,101,101,2335,1300,449,0.231188119,0.934950495,1.69009901,1.923636364,0.628942209,0.396992,0.367681499,0.274509804,0.356088955,0.306116184,0.237425743,2398,184,1.290909091,0.903030303,0.387878788,56602,16047,0.133770633,0.572138653,0.050372203,0.010217489,0.015547346,0.007849929,0.033614764,0.818181818,0.648484848,0.16969697,0.10966371,0.415414258,0.055615972,0.019415374,0.01367195,0.003254648,0.036341973,47385,11081,8009,3310,0.429530201,0.227272727,433.0814815,341.0751174
584,tennis,7313,101,101,101,3679,2471,1205,0.364257426,2.215247525,1.557425743,1.655049505,0.750085522,0.581381295,0.273451021,0.300526316,0.376980832,0.373205075,0.73980198,7472,102,0.036363636,0.012121212,0.024242424,257,586,0.001219512,0.350340408,0.001805742,0.227888873,0.029550907,0.002549145,0.259988926,0.054545455,0.012121212,0.042424242,0.001662971,0.301960784,0.001335051,0.171934454,0.063431282,0.013091774,0.24845751,411,1517,216,251,0.2,0.285714286,214.2222222,140.5
584,theatre_theater,18320,101,101,101,3670,1551,526,0.363366337,1.166237624,1.617920792,2.087171717,0.726644001,0.558351649,0.544612795,0.321124361,0.534968163,0.306695688,0.198514851,2005,103,0.084848485,0.024242424,0.060606061,814,2430,0.000258684,0.402669735,0.001264343,0.107236769,0.03756182,0.006426528,0.151225116,0.103030303,0.036363636,0.066666667,0.016518847,0.324454477,0.002413326,0.128171881,0.035681009,0.006547751,0.170400641,1217,3911,685,567,0.166666667,0.214285714,301.6470588,231.7142857
584,toys,2083,101,101,101,4675,2941,1256,0.462871287,2.708514851,1.585742574,1.806060606,0.789614403,0.64535306,0.500320924,0.457383548,0.575178259,0.50395579,0.542178218,5476,103,0.060606061,0.018181818,0.042424242,472,1374,0.000480414,0.396644752,0.00111618,0.142107793,0.04010746,0.005643995,0.187859249,0.042424242,0,0.042424242,0,0.3568776,0.000903614,0.162352653,0.064528369,0.010270934,0.237151956,0,1387,211,537,0.25,0,198.1428571,184.6
584,trading,7622,101,101,101,2789,1843,935,0.276138614,1.557029703,1.675656566,1.85588488,0.598641957,0.491666214,0.457919498,0.394099849,0.413990928,0.410466805,0.403168317,4072,119,0.145454545,0.072727273,0.072727273,2548,3625,0.001293422,0.455743683,0.003891238,0.103893622,0.044166184,0.008282536,0.156342342,0.054545455,0.018181818,0.036363636,0.000498891,0.313828239,0.004653025,0.311274097,0.033562992,0.020235199,0.365072288,1730,2199,283,3086,0.714285714,0.285714286,436.5555556,257.2083333
584,tvshows_drama_actor_hollywood,23535,101,101,101,1003,709,181,0.099306931,0.385940594,2.313762376,2.433030303,0.418200778,0.300850416,0.269620253,0.358237548,0.17384703,0.197515528,0.043069307,435,154,0.56969697,0.515151515,0.054545455,24198,2417,0.012730968,0.39369937,0.038083995,0.009341234,0.004646256,6.58E-04,0.014645827,0.448484848,0.309090909,0.139393939,0.063137472,0.382269504,0.032718629,0.039176693,0.040975041,0.013196426,0.093348161,19605,7910,3808,1333,0.105882353,0.396226415,371.8243243,283.1382979
584,university,2347,101,101,101,997,2.19E+02,102,0.098712871,0.167623762,2.380707071,2.25957376,0.636689134,0.28791083,0.377071823,0.273255814,0.318443936,0.25308642,0.047722772,482,130,0.103030303,0.060606061,0.042424242,2950,2037,7.39E-05,0.394676291,0.002320265,0.142994203,0.078202614,0.013172933,0.23436975,0.109090909,0.054545455,0.054545455,0.006448633,0.340600316,0.001986871,0.101913411,0.044828677,0.006423288,0.153165375,2355,3152,1637,953,0.307692308,0.2,305.9444444,293.3529412
584,vegetarian,2260,101,101,101,3771,835,309,0.373366337,0.36950495,1.472079208,2.033745138,0.732817432,0.437149348,0.475352113,0.259426848,0.478729816,0.276258206,0.103069307,1041,106,0.36969697,0.157575758,0.212121212,6977,9672,0.000739098,0.500171527,0.003944082,0.039216903,0.04559364,0.014843005,0.099653548,0.103030303,0.018181818,0.084848485,0.005432373,0.374305556,0.001104401,0.090607441,0.091069687,0.028410661,0.210087788,506,3495,447,1314,0.694444444,0.133333333,235.3529412,272.9344262
584,weather,7660,101,101,101,2635,902,807,0.260891089,0.795544554,1.628811881,1.910238429,0.647030513,0.433189557,0.302521008,0.29226361,0.343051627,0.319377348,0.331980198,3353,104,0.115151515,0.060606061,0.054545455,1494,1793,0.002993348,0.451859504,0.002324445,0.087626126,0.02684025,0.002433405,0.116899781,0.042424242,0.012121212,0.03030303,0.000110865,0.322996255,0.003278847,0.310622302,0.026378613,0.001124774,0.338125689,406,1718,1959,539,0.357142857,0.166666667,303.4285714,173
584,wedding,21085,101,101,101,5641,3288,902,0.558514851,1.965643564,1.448217822,1.661818182,0.814800431,0.64839668,0.554422706,0.394402036,0.619926064,0.482349036,0.201584158,2036,101,0.187878788,0.066666667,0.121212121,2879,5007,0.000591279,0.46507177,0.002469439,0.074033644,0.041532378,0.01146639,0.127032412,0.103030303,0.012121212,0.090909091,0,0.345512821,0.001230587,0.094546638,0.0528493,0.018095607,0.165491545,914,4099,211,450,0.55,0.133333333,294.8823529,254.3870968
584,wine,37798,101,101,101,7064,2685,673,0.699405941,1.722376238,1.295148515,1.676435644,0.859760722,0.568455564,0.76159601,0.321358268,0.756100151,0.412540214,0.156237624,1578,107,0.551515152,0.272727273,0.278787879,14020,15715,0.01511456,0.530181818,0.008232982,0.037634279,0.047242413,0.017167744,0.102044436,0.145454545,0.078787879,0.066666667,0.011012565,0.331947652,0.002646227,0.0908248,0.057391659,0.019003123,0.167219582,2488,3662,429,797,0.82,0.5,256.25,326.7582418
584,wrestling,7538,101,101,101,3118,2690,963,0.308712871,2.123762376,1.655445545,1.756039604,0.620966207,0.57767947,0.495443645,0.454054054,0.435234228,0.439920644,0.62019802,6264,101,0.018181818,0,0.018181818,0,626,0,0.289611947,0.000903614,0.380783717,0.047577607,0.001763682,0.430125006,0.109090909,0.036363636,0.072727273,0.021008869,0.324454477,0.002924283,0.077619373,0.043409032,0.00861704,0.129645445,1022,2245,592,469,0,0.285714286,181.5,208.6666667
584,writing,42081,101,101,101,2262,589,236,0.223960396,0.325346535,1.833267327,2.385855263,0.594831803,0.327243749,0.676797628,0.253191489,0.436607188,0.305906453,0.081485149,823,126,0.478787879,0.236363636,0.242424242,11746,13775,0.01199187,0.511429407,0.007344555,0.054550983,0.04894721,0.014203373,0.117701567,0.133333333,0.048484848,0.084848485,0.001810791,0.363881857,0.00295767,0.189116456,0.138989549,0.03469365,0.362799654,2946,8247,2416,2353,0.717391304,0.466666667,508.7727273,323.0506329
584,yoga,10320,101,101,101,5169,1815,814,0.511782178,1.538217822,1.483465347,1.611842105,0.772638544,0.565456075,0.575914634,0.398305085,0.583034725,0.43598985,0.253861386,2564,118,0.333333333,0.121212121,0.212121212,5656,9510,0.004028086,0.500171527,0.003647936,0.054614701,0.044093484,0.012828636,0.111536822,0.096969697,0.03030303,0.066666667,0.015373245,0.348022599,0.001789578,0.129224853,0.086633177,0.023286502,0.239144532,1528,2781,542,1014,0.571428571,0.333333333,269.3125,275.7454545
584,youtube,7586,101,101,101,3987,3003,703,0.394752475,2.350693069,1.60970297,1.745049505,0.717920313,0.622886186,0.61547812,0.529801325,0.588663091,0.514335627,0.187722772,1896,107,0.060606061,0.012121212,0.048484848,318,2891,0.000221729,0.390797409,0.001286657,0.144882328,0.048330889,0.004805942,0.198019159,0.660606061,0.587878788,0.072727273,0.071470806,0.355775578,0.041088369,0.008409302,0.003651096,0.000891537,0.012951935,27322,3086,529,456,0.111111111,0.101010101,278.9724771,320.9
