Project,Name,Member_count,Competing_Lists,Shared_Language,Shared_Language_Ratio,FF_Nodes,AT_Nodes,RT_Nodes,FF_Edges,AT_Edges,RT_Edges,FF_bin_density,AT_density,FF_bin_avg_path_length,AT_bin_avg_path_length,FF_bin_clustering,AT_bin_clustering,FF_reciprocity,AT_reciprocity,FF_bin_transitivity,AT_bin_transitivity,RT_density,RT_total_volume
584,accounting,3133,101,5805,2.21395881,101,101,101,4788,1390,691,0.474059406,0.91,1.489306931,1.958316832,0.740456794,0.50926586,0.635245902,0.346899225,0.571809754,0.326371184,0.315742574,3189
584,advertising,32156,117,3942,0.258085636,101,101,101,3873,1395,522,0.383465347,0.715742574,1.585346535,2.002626263,0.718180879,0.473405015,0.498839009,0.24,0.4765523,0.246695901,0.232871287,2352
584,agriculture,4215,104,4572,1.466794995,101,101,101,5486,1839,779,0.543168317,1.184059406,1.452178218,1.90030303,0.800932423,0.553970259,0.633710542,0.316392269,0.646695585,0.409522558,0.204356436,2064
584,airlines_aviation,7341,103,1949,0.765815324,101,101,101,2814,819,300,0.278613861,0.572970297,1.603535354,1.832990162,0.733162065,0.506232975,0.477941176,0.267801858,0.426561584,0.218054925,0.182178218,1840
584,animation,4857,108,7435,0.991730025,101,101,101,2124,747,458,0.21029703,0.407029703,1.916732673,2.102015677,0.562191214,0.362336283,0.294332724,0.283505155,0.299581307,0.266523868,0.123663366,1249
584,anime,13236,103,9575,8.496007098,101,101,101,2726,1240,643,0.26990099,1.384059406,1.584040404,1.821855922,0.651566883,0.459231187,0.489617486,0.312169312,0.466899434,0.374186631,0.275841584,2786
584,anthropology,1300,118,7717,8.055323591,101,101,101,3970,1161,838,0.393069307,0.527029703,1.510990099,1.990606061,0.697578272,0.443008399,0.556862745,0.375592417,0.496765212,0.275598765,0.279405941,2822
584,archaeology,1878,126,10779,9.72833935,101,101,101,4444,726,596,0.44,0.380594059,1.465940594,1.741993281,0.744039675,0.364328964,0.512593601,0.260416667,0.5148182,0.190253046,0.187524752,1894
584,architecture,14084,117,8780,1.375959881,101,101,101,4098,1052,607,0.405742574,1.00019802,1.553168317,2.058114035,0.733775593,0.421323619,0.433368311,0.213379469,0.490074342,0.272126144,0.222871287,2251
584,army_military_veteran,9451,101,2168,0.353555121,101,101,101,4997,1761,863,0.494752475,1.509504951,1.489108911,1.681386139,0.794861085,0.555770338,0.546101485,0.26964672,0.577079697,0.341466299,0.388514851,3924
584,astrology,2372,101,10220,24.86618005,101,101,101,4596,1610,537,0.455049505,2.118415842,1.548383838,1.716633663,0.730120964,0.563093142,0.568065507,0.45045045,0.538159461,0.413430687,0.228613861,2309
584,astronomy_physics,6230,109,467,0.085625229,101,101,101,3203,1725,875,0.317128713,1.190891089,1.692178218,1.744242424,0.675524076,0.501975165,0.331255195,0.327944573,0.383001204,0.348393994,0.624257426,6305
584,author,40658,145,2442,0.055415617,101,101,101,1817,992,434,0.17990099,0.917029703,1.976336634,2.352828283,0.559025786,0.360971802,0.591068301,0.48502994,0.441509748,0.403451432,0.132277228,1336
584,automotive,14373,104,3573,2.795774648,101,101,101,5503,2061,961,0.544851485,1.175742574,1.413434343,1.749009901,0.783008746,0.480788235,0.621390689,0.276160991,0.619099015,0.307968616,0.293366337,2963
584,baking,2302,124,2871,0.505279831,101,101,101,1592,734,161,0.157623762,0.435940594,1.890348782,1.909495123,0.568109502,0.431355782,0.40760389,0.336976321,0.372764668,0.31326654,0.032277228,326
584,banking,1820,104,7677,1.470407968,101,101,101,2977,1286,761,0.294752475,0.984356436,1.688613861,1.878399123,0.646846262,0.524365858,0.544087137,0.329886246,0.478327087,0.347530468,0.327029703,3303
584,baseball,11270,123,4899,0.28652474,101,101,101,3685,1709,1096,0.364851485,1.211089109,1.567821782,1.934851485,0.73814826,0.536487679,0.408639144,0.361752988,0.447824734,0.355671544,0.446039604,4505
584,basketball,11024,111,2524,0.174514278,101,101,101,3177,1678,440,0.314554455,1.652673267,1.660004208,1.935247525,0.697526078,0.487595454,0.405752212,0.344551282,0.432715024,0.328143168,0.172079208,1738
584,beauty_fashion_shopping,91348,117,2876,0.09571671,101,101,101,4571,2665,927,0.452574257,1.393168317,1.529306931,1.813663366,0.752369172,0.537786643,0.370203837,0.29368932,0.499321789,0.367750032,0.265049505,2677
584,beer,4932,105,33187,1.077954981,101,101,101,5472,2140,547,0.541782178,1.020891089,1.448415842,1.793366337,0.803802855,0.588159574,0.561198288,0.310471525,0.590088803,0.340370518,0.116435644,1176
584,biology,1563,112,4348,1.709791585,101,101,101,2298,876,709,0.227524752,0.59009901,1.722178218,2.072294669,0.582397486,0.427517379,0.376872379,0.339449541,0.371572475,0.291073462,0.253465347,2560
584,blogs,41108,131,411,0.014735408,101,101,101,1133,624,247,0.112178218,0.462277228,2.525870954,0.642140468,0.613933749,0.430927112,0.457583548,0.362445415,0.441135925,0.506769826,0.047326733,478
584,branding,7301,125,4089,0.572689076,101,101,101,1869,238,63,0.185049505,0.114554455,1.926138614,2.451954158,0.459851279,0.161265165,0.725761773,0.214285714,0.405140352,0.107429719,0.013861386,140
584,buddhism,2882,137,3051,3.327153762,101,101,101,2253,806,614,0.223069307,0.653663366,1.784851485,2.109406495,0.660989263,0.490025344,0.439616613,0.267295597,0.410876344,0.307355058,0.316435644,3196
584,cancer,6781,117,52583,1.197599472,101,101,101,4840,1241,661,0.479207921,0.757425743,1.498217822,1.982574257,0.737640944,0.462621818,0.609042553,0.247236181,0.546542949,0.261985695,0.498910891,5039
584,career_employment,12036,105,1171,0.163822048,101,101,101,6713,2747,836,0.664653465,2.661188119,1.298613861,1.667491239,0.830592859,0.63356132,0.794919786,0.372813593,0.741348425,0.447336691,0.401683168,4057
584,ceo,7534,146,1621,0.037049735,101,101,101,1915,433,149,0.18960396,0.180891089,1.850340136,2.30212766,0.577098764,0.2762962,0.46743295,0.212885154,0.371385454,0.222637661,0.03009901,304
584,charity_philanthropy,12034,145,2281,1.203693931,101,101,101,3279,1250,431,0.324653465,0.660594059,1.677920792,2.373118945,0.676259843,0.500737445,0.53511236,0.296680498,0.467085157,0.326038109,0.14990099,1514
584,chemistry,1568,108,5908,2.128242075,101,101,101,2682,487,541,0.265544554,0.246831683,1.684851485,1.93968254,0.667102347,0.510321708,0.424322889,0.341597796,0.420701623,0.307986244,0.264554455,2672
584,children,5024,125,7523,0.113202721,101,101,101,803,135,72,0.07950495,0.06,2.338339438,1.952570922,0.505867188,0.348748474,0.602794411,0.336633663,0.384363219,0.298360656,0.022871287,231
584,cinema,11872,111,7989,0.938557331,101,101,101,2447,703,479,0.242277228,0.327920792,1.96019802,2.633915422,0.605631436,0.324965538,0.375491849,0.169717138,0.393419791,0.157769501,0.262673267,2653
584,climatechange,798,139,13,0.565217391,101,101,101,2497,532,269,0.247227723,0.255346535,1.825190682,2.098947609,0.59424266,0.359982159,0.460233918,0.151515152,0.435640498,0.276074841,0.103564356,1046
584,climbing,2410,110,10386,1.828521127,101,101,101,4089,1430,629,0.404851485,1.140792079,1.553465347,1.92467915,0.751559917,0.469834406,0.474576271,0.388349515,0.528660001,0.364069691,0.197722772,1997
584,college,10191,129,19747,0.319143434,101,101,101,2173,692,418,0.215148515,0.366831683,1.988080808,2.995555556,0.701119514,0.470999242,0.447701532,0.303201507,0.423653526,0.262541118,0.132277228,1336
584,comedy_funny,36694,171,1625,0.029792461,101,101,101,2903,1754,540,0.287425743,0.801980198,1.637070707,1.984949495,0.626274822,0.494127797,0.45004995,0.430668842,0.435070377,0.354609252,0.122376238,1236
584,comics,15030,110,7237,1.27054073,101,101,101,2142,1918,983,0.212079208,2.199306931,1.788217822,2.339504951,0.639682329,0.571394402,0.484407484,0.5455278,0.439654327,0.464646697,0.401386139,4054
584,composer,3607,101,1374,0.607964602,101,101,101,3528,1825,576,0.349306931,1.795742574,1.661111111,1.866161616,0.668113752,0.580670243,0.557615894,0.504534213,0.486961278,0.452552187,0.13049505,1318
584,construction,6098,117,16454,1.366384322,101,101,101,3387,777,395,0.335346535,0.568019802,1.691717172,2.238901746,0.649948004,0.414620702,0.552245646,0.275862069,0.471654781,0.290904149,0.16950495,1712
584,cycling,15358,106,4154,0.937274368,101,101,101,3279,2145,926,0.324653465,1.312178218,1.716039604,1.883737374,0.657119882,0.479984276,0.341653028,0.411184211,0.390575015,0.358486679,0.307128713,3102
584,dance,14952,105,15316,0.559877175,101,101,101,2840,1932,907,0.281188119,1.513168317,1.885049505,2.16039604,0.692650839,0.615704056,0.482254697,0.495356037,0.472295073,0.465843395,0.346336634,3498
584,database,800,107,4055,0.447571744,101,101,101,1045,492,306,0.103465347,0.678811881,2.310751105,2.404911181,0.546855536,0.38419347,0.429548564,0.426086957,0.39070913,0.518103448,0.13039604,1317
584,dating,3617,103,19455,1.834512023,101,101,101,4005,2139,709,0.396534653,2.022970297,1.586336634,1.715007215,0.657527415,0.576174086,0.623429266,0.425049967,0.517188355,0.492426225,0.23019802,2325
584,democrat,1731,113,132,0.065606362,101,101,101,1942,494,235,0.192277228,0.202376238,1.818282828,2.219225968,0.643508626,0.364395075,0.311276165,0.193236715,0.283108016,0.176543648,0.062475248,631
584,dental,4359,101,21546,8.406554819,101,101,101,3509,708,337,0.347425743,0.262178218,1.602871287,1.727064745,0.696089726,0.3135004,0.468200837,0.291970803,0.451329084,0.190363049,0.112079208,1132
584,developer,18075,164,812,0.042140225,101,101,101,1111,919,443,0.11,1.037029703,2.468787879,2.390145577,0.490779709,0.419096484,0.401008827,0.521523179,0.365169651,0.486881618,0.131782178,1331
584,director,3815,148,1264,0.026767752,101,101,101,817,449,229,0.080891089,0.3,2.918472544,2.609518477,0.462214173,0.29121224,0.264705882,0.348348348,0.210328422,0.241880342,0.11039604,1115
584,documentary,1121,115,10638,0.626427983,101,101,101,3530,1164,715,0.34950495,0.614455446,1.645858586,2.027850877,0.71577801,0.472474104,0.441404655,0.297658863,0.486936698,0.328151294,0.247227723,2497
584,drums,598,105,3144,1.793496863,101,101,101,2709,828,469,0.268217822,0.371980198,1.71039604,1.60672615,0.696849355,0.445310949,0.332513527,0.230312036,0.375971965,0.208816831,0.158613861,1602
584,energy,12582,117,44486,0.685412301,101,101,101,3492,669,330,0.345742574,0.506435644,1.596534653,1.728406514,0.670300931,0.364568903,0.556843513,0.192513369,0.469945355,0.183029197,0.188514851,1904
584,engineering,3547,114,8417,0.858176998,101,101,101,1845,232,192,0.182673267,0.072277228,1.893540922,1.899350649,0.649557674,0.254238704,0.404109589,0.16,0.367473373,0.11801676,0.052772277,533
584,etsy_handmade,21345,102,10211,3.42191689,101,101,101,5860,868,240,0.58019802,3.153762376,1.366732673,2.451089109,0.767507686,0.406439234,0.80030722,0.172972973,0.692949747,0.225585078,0.04980198,503
584,exercise_fitness,28653,140,11138,0.777847615,101,101,101,3522,1094,338,0.348712871,0.931584158,1.708811881,2.138048246,0.649859489,0.407726054,0.55565371,0.257471264,0.468420558,0.270446097,0.131980198,1333
584,fantasy,5763,112,26046,1.782873571,101,101,101,2568,1313,680,0.254257426,1.205940594,1.739207921,2.062049062,0.623591866,0.445778722,0.336803748,0.32760364,0.334018509,0.311273457,0.395940594,3999
584,filmfestival,977,114,25,0.892857143,101,101,101,2581,262,125,0.255544554,0.071980198,1.662376238,1.921677215,0.662703461,0.205309023,0.287281796,0.100840336,0.336093796,0.131130064,0.040693069,411
584,finance_economics,25056,154,504,0.093819806,101,101,101,2238,1342,606,0.221584158,1.097029703,1.923211709,1.91774055,0.645374007,0.52888965,0.35472155,0.393561786,0.396529666,0.491496686,0.282574257,2854
584,fishing,5456,106,39601,2.909698751,101,101,101,4335,664,316,0.429207921,0.384257426,1.477821782,1.666800321,0.700268138,0.453863164,0.640181612,0.320079523,0.545330749,0.269014311,0.114554455,1157
584,flash,3711,110,12262,0.533315936,101,101,101,3033,2618,1385,0.30029703,2.411881188,1.709306931,1.812970297,0.626388334,0.621463712,0.404817045,0.465845465,0.426977257,0.512389361,0.437326733,4417
584,food_chef,127932,166,4773,0.258195391,100,100,100,3589,2164,819,0.362525253,1.252929293,1.603380746,1.854512939,0.728468269,0.541226854,0.374042879,0.391639871,0.449268981,0.408945789,0.273333333,2706
584,gambling,951,105,3146,1.369016536,101,101,101,1238,240,125,0.122574257,0.252376238,2.008787879,1.065972222,0.442183854,0.307386164,0.410022779,0.28342246,0.265024304,0.393822394,0.065841584,665
584,gaming,16728,116,2370,0.240194588,101,101,101,2796,1548,643,0.276831683,0.852277228,1.743069307,1.80970297,0.66548263,0.387975157,0.293246994,0.277227723,0.3372458,0.252107365,0.19960396,2016
584,gardening,6536,105,14470,3.504480504,101,101,101,6023,1641,588,0.596336634,1.813564356,1.384059406,1.738294674,0.784968119,0.52837335,0.716443431,0.414655172,0.672371871,0.501630345,0.485346535,4902
584,genealogy,1977,105,16413,49.28828829,101,101,101,6813,2668,1380,0.674554455,2.697326733,1.311089109,1.627128713,0.864752227,0.680007165,0.670262319,0.433637829,0.714233975,0.485839265,0.532772277,5381
584,geography,1395,116,3442,1.852529602,101,101,101,2155,708,544,0.213366337,0.358118812,1.827425743,2.158505155,0.588802415,0.364964002,0.461016949,0.284936479,0.367969213,0.240744871,0.185148515,1870
584,golf,17167,101,12060,0.743664056,101,101,101,3930,2167,924,0.389108911,1.504455446,1.55020202,1.87,0.770461476,0.515260074,0.295746785,0.306996381,0.423170721,0.378167107,0.30049505,3035
584,guitar,5839,104,23742,2.696116284,101,101,101,3033,777,366,0.30029703,0.441980198,1.441188119,1.828393471,0.706705649,0.437242692,0.45537428,0.237261146,0.388419974,0.197921701,0.14960396,1511
584,hacking,1782,109,1694,0.277159686,101,101,101,1571,844,765,0.155544554,0.496534653,1.998811881,2.016697588,0.592147404,0.438327453,0.284546198,0.333333333,0.309340063,0.316378868,0.377524752,3813
584,healthcare_medicine,21744,144,2261,0.227396158,101,101,101,4546,2135,937,0.45009901,1.436732673,1.494848485,1.726565657,0.743179409,0.566909849,0.503306878,0.354695431,0.526811935,0.408689108,0.404653465,4087
584,highered,6305,110,304,4,101,101,101,4785,3356,1113,0.473762376,4.417722772,1.515049505,1.751584158,0.731035842,0.659521667,0.651708664,0.571161049,0.652041097,0.637709343,0.307524752,3106
584,history,9979,124,11685,0.167188908,101,101,101,3344,641,429,0.331089109,0.281386139,1.611782178,2.236101579,0.66435987,0.313623558,0.460262009,0.239845261,0.420149792,0.199188023,0.158316832,1599
584,hockey,14937,101,6882,0.786424409,101,101,101,4498,1634,1051,0.445346535,1.149405941,1.553960396,1.890594059,0.788672127,0.488936791,0.43797954,0.316680097,0.516859484,0.321479974,0.465346535,4700
584,homeschool_school,11250,103,5364,0.041017955,101,101,101,5958,1915,758,0.58990099,1.571683168,1.403762376,1.692872807,0.803365365,0.583996519,0.713053479,0.387681159,0.682476391,0.446675679,0.281386139,2842
584,horror,4166,108,14200,1.542472301,101,101,101,4364,1186,559,0.432079208,0.756039604,1.509405941,2.028686869,0.716445293,0.411162666,0.543140028,0.206510682,0.507689625,0.22999154,0.141089109,1425
584,hospitality,8587,111,4362,1.457887701,101,101,101,3460,1016,263,0.342574257,0.567425743,1.617676768,1.955988456,0.631385676,0.395080554,0.542576906,0.230024213,0.451984684,0.212881425,0.109405941,1105
584,housing,1970,110,17275,0.995103687,101,101,101,3972,1043,763,0.393267327,0.45019802,1.73960396,1.744736842,0.771840349,0.572850953,0.501133787,0.311949686,0.558371673,0.277230432,0.247425743,2499
584,html,2309,121,1936,0.385657371,101,101,101,1790,1733,1084,0.177227723,1.666336634,1.796435644,1.843742851,0.585829663,0.567101321,0.389449185,0.488831615,0.349814299,0.506343841,0.431980198,4363
584,humanrights_activism_justice,19746,145,3241,0.198432621,101,101,101,2151,866,416,0.212970297,0.545544554,1.840891089,2.39627193,0.542307673,0.428773123,0.476321208,0.253256151,0.357730555,0.282322863,0.279405941,2822
584,hunting,2504,114,18253,2.332651757,101,101,101,5786,1418,598,0.572871287,1.292079208,1.448811881,1.690460526,0.799950046,0.589545433,0.649372862,0.356937799,0.632946352,0.357752085,0.183267327,1851
584,innovation,14499,124,21729,0.811358799,101,101,101,3621,1711,695,0.358514851,1.46009901,1.674752475,2.027107813,0.674841634,0.536251849,0.539540816,0.328416149,0.516575112,0.403844485,0.292574257,2955
584,insurance,5325,102,23904,1.290643054,101,101,101,3531,800,357,0.34960396,0.401485149,1.689405941,1.80890538,0.685623027,0.453223814,0.521327014,0.282051282,0.450275168,0.237559809,0.117920792,1191
584,investor,3429,117,741,0.163503972,101,101,101,2467,1680,833,0.244257426,1.008415842,2.106369821,1.772229822,0.683459255,0.572791407,0.388294879,0.397670549,0.495861869,0.453713604,0.251386139,2539
584,ipad,2823,147,25655,0.359595761,101,101,101,884,423,162,0.087524752,0.384851485,2.204184704,2.381926684,0.5422975,0.432009152,0.3,0.317757009,0.221437245,0.384391534,0.041782178,422
584,islam,3228,108,3996,2.065116279,101,101,101,1236,295,235,0.122376238,0.10019802,1.884044527,1.23923517,0.563088774,0.270637589,0.242211055,0.138996139,0.276627819,0.192340426,0.09970297,1007
584,java,2705,106,9980,1.351387949,101,101,101,1864,1453,1225,0.184554455,1.108118812,1.862277228,1.949420103,0.557293578,0.476250912,0.329529244,0.487205732,0.323796413,0.35643628,0.681485149,6883
584,jazz,7422,104,28619,2.814891315,101,101,101,3861,1188,729,0.382277228,0.786930693,1.462376238,1.916774055,0.70624328,0.440289432,0.449868569,0.255813953,0.453649283,0.297530199,0.25970297,2623
584,jewish,2333,108,23021,3.313327576,101,101,101,5411,1970,683,0.535742574,1.010891089,1.389108911,1.753663366,0.779118634,0.525132784,0.592876067,0.304635762,0.602117061,0.350632644,0.226138614,2284
584,jokes,1347,113,651,0.095862171,101,101,101,477,120,69,0.047227723,0.042673267,2.349247606,0.388961039,0.49301405,0.208252462,0.485981308,0.132075472,0.282518641,0.253521127,0.115049505,1162
584,lawyer_legal,19862,102,10182,0.469346363,101,101,101,5417,1958,833,0.536336634,1.602376238,1.441584158,1.860131932,0.758880076,0.486182319,0.657588739,0.373071529,0.608823263,0.404227567,0.28980198,2927
584,lesbian,2125,111,7390,3.248351648,101,101,101,2630,586,219,0.26039604,0.286534653,1.639191919,2.26984127,0.671803017,0.347684583,0.458679978,0.142300195,0.423876066,0.174862763,0.054950495,555
584,liberal,5334,150,714,0.164554045,101,101,101,3869,1351,1113,0.383069307,1.261782178,1.831919192,1.907878788,0.722529056,0.419693394,0.510148322,0.16969697,0.522565548,0.271512785,0.599405941,6054
584,linguistics,1851,106,1022,3.524137931,101,101,101,2876,1024,902,0.284752475,0.983663366,1.786138614,2.646161616,0.697250897,0.591591384,0.474115838,0.438202247,0.459225333,0.383787814,0.458316832,4629
584,linux_opensource,8908,101,115,0.273809524,101,101,101,1015,257,139,0.10049505,0.193465347,1.623465347,1.383893557,0.532199963,0.248465345,0.225845411,0.13215859,0.169547641,0.089391691,0.054059406,546
584,literacy,2955,113,9167,2.097231755,101,101,101,3326,1150,829,0.329306931,0.924158416,1.695049505,2.156532716,0.65165521,0.463718291,0.614563107,0.393939394,0.503347391,0.370389249,0.387722772,3916
584,mac_iphone,23853,154,15970,0.154550381,101,101,101,1179,647,314,0.116732673,0.533465347,2.034399327,2.450549451,0.541633898,0.422052405,0.274298056,0.362105263,0.300247659,0.435066566,0.122277228,1235
584,magazine,24106,156,1646,0.034443793,101,101,101,1019,340,89,0.100891089,0.062277228,2.032830016,1.937984496,0.452751471,0.259746404,0.2721598,0.093247588,0.268214055,0.122794118,0.014752475,149
584,magician,1141,103,2613,3.229913473,101,101,101,2603,1279,504,0.257722772,1.035247525,1.745346535,2.211129813,0.675114614,0.462560058,0.358559499,0.350580781,0.396769778,0.358962728,0.197722772,1997
584,management,7405,124,4286,0.108878445,101,101,101,828,247,137,0.081980198,0.182574257,2.22309613,2.281780538,0.446963026,0.280167546,0.401015228,0.247474747,0.303244217,0.231666667,0.03970297,401
584,marketing,139084,138,15615,0.20960857,101,101,101,4470,1559,285,0.442574257,1.46960396,1.494743352,1.72743561,0.725351692,0.500036919,0.714614499,0.335904027,0.608399994,0.421453787,0.108613861,1097
584,marriage,1050,105,22122,0.901356802,101,101,101,4229,1506,957,0.418712871,1.092574257,1.533861386,1.749140893,0.73566223,0.576039619,0.558216654,0.431558935,0.524618474,0.403740293,0.368613861,3723
584,mathematics,1666,102,2874,2.35188216,101,101,101,2220,1126,839,0.21980198,1.058316832,1.829504951,2.947777778,0.678681088,0.542597818,0.465346535,0.419924338,0.467370554,0.395199669,0.405049505,4091
584,meditation,2322,123,8528,1.101097482,101,101,101,1725,146,82,0.170792079,0.05009901,1.835291692,1.950290276,0.494429559,0.162991097,0.731927711,0.216666667,0.383314159,0.12962963,0.015742574,159
584,mobile_smartphone,21393,117,3527,0.377542282,101,101,101,2076,729,334,0.205544554,0.453366337,1.632079208,2.640122028,0.549640183,0.359435538,0.42778542,0.229342327,0.317225584,0.251351351,0.096435644,974
584,motorcycle,4008,117,8182,2.278473963,101,101,101,2824,1306,613,0.27960396,1.278316832,1.839207921,1.921459493,0.65604005,0.464855207,0.462454687,0.370409234,0.418566359,0.36138575,0.345643564,3491
584,multimedia,2802,110,3941,1.307998672,101,101,101,3296,1156,760,0.326336634,0.471881188,1.637227723,1.927547592,0.693281147,0.501970788,0.400764981,0.294512878,0.457007364,0.292519407,0.256138614,2587
584,musician_singer,38673,118,118,0.015204226,101,101,101,735,571,55,0.072772277,0.221485149,1.982222222,2.121052632,0.392145353,0.268746225,0.22296173,0.280269058,0.127158672,0.202068417,0.018811881,190
584,nature,12229,126,6953,0.281338513,101,101,101,4494,1338,622,0.444950495,2.038019802,1.531980198,2.038019802,0.687677442,0.489411054,0.734465457,0.372307692,0.587400244,0.430616988,0.41970297,4239
584,neuroscience,2258,126,3216,1.666321244,101,101,101,3031,932,767,0.30009901,0.516831683,1.555247525,1.903179825,0.670126315,0.457062143,0.376475931,0.362573099,0.381075762,0.323993942,0.307425743,3105
584,newspaper,3704,112,361,0.030621766,101,101,101,634,94,48,0.062772277,0.024653465,2.074671053,0.225765306,0.611552066,0.245794508,0.360515021,0.146341463,0.229644026,0.141975309,0.024158416,244
584,nursing,2407,104,15098,2.997419099,101,101,101,4619,1184,654,0.457326733,0.712871287,1.414752475,1.919188596,0.785151687,0.450243917,0.51145288,0.356242841,0.542725893,0.316995279,0.295544554,2985
584,nutrition,9947,127,5666,0.678156792,101,101,101,4233,1461,666,0.419108911,0.775544554,1.618217822,1.996381579,0.693044081,0.469569676,0.607061503,0.359069767,0.575566697,0.436451874,0.193663366,1956
584,outdoors_hiking,12172,112,12611,4.456183746,101,101,101,4184,1540,579,0.414257426,1.047425743,1.566893424,1.720606061,0.691416237,0.508176962,0.608612072,0.371326803,0.524363919,0.300847656,0.22039604,2226
584,parenting,13635,120,8759,1.192025041,101,101,101,5478,1286,481,0.542376238,0.947920792,1.387326733,2.097878788,0.776980181,0.450898936,0.707605985,0.309572301,0.637882631,0.321490208,0.168316832,1700
584,peace,5385,116,5775,0.208792798,101,101,101,2856,532,558,0.282772277,0.285049505,1.902574257,1.631837307,0.747725383,0.55837169,0.454175153,0.228637413,0.508984952,0.326310551,0.308613861,3117
584,perl,1323,101,6296,6.705005325,101,101,101,3660,2263,1039,0.362376238,1.529405941,1.504356436,1.733131313,0.730897956,0.623238692,0.418604651,0.515740121,0.470748637,0.478897789,0.285742574,2886
584,pharma,5722,119,13118,5.36085002,101,101,101,5505,1549,822,0.545049505,1.09029703,1.30049505,1.603695409,0.832166893,0.523270052,0.528742016,0.405626134,0.609610499,0.46202875,0.330594059,3339
584,philosophy,4185,107,5811,1.262986307,101,101,101,1536,620,429,0.152079208,0.755940594,1.886969697,1.743064182,0.566206916,0.495409897,0.413063477,0.428571429,0.369623656,0.466360856,0.222475248,2247
584,photography,68938,120,18442,1.190882087,101,101,101,3042,1227,577,0.301188119,0.69960396,1.635445545,2.046491228,0.640819599,0.426589714,0.481012658,0.332247557,0.402090822,0.369449886,0.282475248,2853
584,php,4296,110,15022,3.639050388,101,101,101,3630,3729,1714,0.359405941,4.781881188,1.618712871,1.672026386,0.724018074,0.721334947,0.414102065,0.634092901,0.534413045,0.666541083,0.615049505,6212
584,piano,1536,101,10459,1.689660743,101,101,101,2034,501,179,0.201386139,0.702871287,2.101584158,2.691496267,0.619114657,0.415984135,0.687966805,0.518181818,0.486068169,0.47852349,0.065148515,658
584,poetry,7552,111,13788,1.578838887,101,101,101,3560,1161,855,0.352475248,1.081584158,1.55970297,2.045339785,0.660847288,0.477446454,0.645862228,0.295758929,0.512152184,0.38350976,0.666930693,6736
584,poker,10632,109,11915,0.728256219,101,101,101,4047,3277,1243,0.400693069,2.365247525,1.574554455,1.712673267,0.745623706,0.645220289,0.39986164,0.455797423,0.447103539,0.477891206,0.405346535,4094
584,politics_news,220652,156,3740,0.013487441,101,101,101,2594,989,298,0.256831683,0.736138614,1.641616162,1.949715969,0.672065611,0.370854676,0.267220322,0.181600956,0.324567365,0.21348854,0.279405941,2822
584,poverty,2447,122,7044,0.815749855,101,101,101,1955,728,453,0.193564356,0.398514851,1.952079208,2.599104143,0.567210451,0.45553135,0.477702192,0.386666667,0.375244123,0.354333261,0.211584158,2137
584,pregnancy,1747,111,8782,1.670534525,101,101,101,2309,520,293,0.228613861,0.558910891,1.292376238,1.616666667,0.7368831,0.372411661,0.509803922,0.303258145,0.472892396,0.345248734,0.117029703,1182
584,psychology_mentalhealth,7569,119,36,2.117647059,101,101,101,3754,842,521,0.371683168,0.876039604,1.362376238,1.69835278,0.698581943,0.386897952,0.600170503,0.25297619,0.51636996,0.226938275,0.214257426,2164
584,publicrelations,2642,115,4,1.333333333,101,101,101,2945,766,166,0.291584158,0.483168317,1.746435644,2.257675439,0.631543428,0.410594922,0.712209302,0.247557003,0.519490726,0.326949519,0.063762376,644
584,publishing_literature,22559,133,725,0.175544794,101,101,101,5235,2114,956,0.518316832,1.193267327,1.479292929,1.927128713,0.781160075,0.520652527,0.540612125,0.283545841,0.60230228,0.359345763,0.294653465,2976
584,python,2962,107,6969,1.731858847,101,101,101,3539,3230,1466,0.35039604,3.959009901,1.594554455,1.598585859,0.694416616,0.680681882,0.483857442,0.604570293,0.500856506,0.581419671,0.446732673,4512
584,racing,7508,103,5232,0.214241841,101,101,101,3102,2829,1095,0.307128713,3.527326733,1.721980198,1.718019802,0.690086324,0.687902712,0.406802721,0.471138846,0.450020229,0.510082502,0.447524752,4520
584,radio,42945,109,7609,0.142410631,101,101,101,543,320,140,0.053762376,0.644356436,2.934225578,0.901147723,0.524138505,0.406812332,0.516759777,0.488372093,0.394822006,0.632366274,0.084851485,857
584,rapper,4565,112,864,0.41221374,101,101,101,3735,1725,574,0.36980198,0.644257426,1.557722772,1.994653465,0.658827179,0.403770087,0.437091189,0.318807339,0.428118091,0.299134699,0.161089109,1627
584,realestate,14435,105,493,18.25925926,101,101,101,4940,764,176,0.489108911,0.797722772,1.463636364,2.523666211,0.708452713,0.420577643,0.771244174,0.414814815,0.623754477,0.537050106,0.07970297,805
584,realitytv,1618,112,1,0.071428571,101,101,101,1178,972,246,0.116633663,0.886930693,2.457722772,2.687722772,0.496467349,0.432276186,0.320627803,0.357541899,0.295544327,0.355610973,0.063861386,645
584,recipes_cooking,11231,147,7666,0.35599517,101,101,101,3461,689,150,0.342673267,0.475148515,1.592376238,2.101498127,0.641509647,0.313949697,0.618045816,0.319923372,0.480940536,0.360842627,0.044554455,450
584,religion,10708,105,5363,0.707519789,101,101,101,3264,829,552,0.323168317,0.42,1.54009901,1.954870608,0.691783041,0.408922458,0.447450111,0.254160363,0.449323013,0.248240138,0.387425743,3913
584,reporter,7501,127,565,0.061520035,101,101,101,1517,655,483,0.15019802,0.355544554,1.744752475,2.12342216,0.722811094,0.524288049,0.535425101,0.353305785,0.562798635,0.414164491,0.252079208,2546
584,restaurant_dining,24293,122,2485,0.341815681,101,101,101,1247,352,68,0.123465347,0.102178218,1.879207921,2.316885965,0.51106207,0.295734237,0.504221954,0.189189189,0.228822174,0.079603138,0.016831683,170
584,romance,2348,121,5933,0.900576806,101,101,101,4322,3578,1588,0.427920792,4.576633663,1.561287129,1.626534653,0.688891529,0.605884788,0.551328069,0.534305317,0.512730076,0.522638887,0.66049505,6671
584,ruby,6055,110,7543,1.328460726,101,101,101,3751,3561,1317,0.371386139,2.839207921,1.583737374,1.582222222,0.709831365,0.638114961,0.467527387,0.543563069,0.487028692,0.534937517,0.393366337,3973
584,rugby,5948,101,14793,4.39483066,101,101,101,2330,1460,577,0.230693069,1.241782178,1.85990099,2.088888889,0.639956924,0.469326484,0.347599769,0.512953368,0.297120846,0.376213592,0.167623762,1693
584,running,11091,109,14092,0.187251684,101,101,101,3051,1301,595,0.302079208,0.722673267,1.679090909,2.101881188,0.677061611,0.428460076,0.458413002,0.254580521,0.414144525,0.256084853,0.456732673,4613
584,sailing,3531,102,15178,8.064824655,101,101,101,4636,523,377,0.459009901,0.19019802,1.52029703,1.674390827,0.758732374,0.345666278,0.508623495,0.210648148,0.534348619,0.157710908,0.426534653,4308
584,screenwriter,2342,124,1009,1.421126761,101,101,101,3581,1562,694,0.354554455,1.585544554,1.766534653,1.906930693,0.634887238,0.47973534,0.606550022,0.348877375,0.51176065,0.368123293,0.315742574,3189
584,skateboarding,1322,111,2061,3.384236453,101,101,101,3357,2044,1034,0.332376238,1.735940594,1.614653465,1.867029703,0.684306391,0.534021977,0.386044591,0.35453943,0.42407835,0.412243645,0.474257426,4790
584,skiing,2226,101,6572,2.15052356,101,101,101,4870,2208,909,0.482178218,1.696336634,1.533366337,1.720882292,0.776171606,0.553246087,0.540164453,0.383458647,0.556480778,0.360389785,0.272376238,2751
584,sociology,1691,105,3841,6.020376176,101,101,101,3417,978,801,0.338316832,0.516831683,1.520594059,1.95813315,0.715793685,0.449625369,0.474115617,0.362116992,0.456573705,0.305087424,0.300693069,3037
584,sport_football,79051,114,4919,0.107472143,101,101,101,1740,1060,345,0.172277228,0.678514851,2.385445545,2.866294972,0.646937721,0.48565311,0.337432744,0.335012594,0.372401403,0.35201669,0.183366337,1852
584,storage,3758,102,13571,1.209967903,101,101,101,5689,2806,865,0.563267327,3.738613861,1.441188119,1.723131313,0.791381013,0.649107524,0.648030127,0.50617284,0.659908274,0.591141224,0.259405941,2620
584,surfing,2204,104,5554,1.655439642,101,101,101,4401,2412,1106,0.435742574,1.946039604,1.568383838,1.762935477,0.784590673,0.647389428,0.373595506,0.394219653,0.508227199,0.456875546,0.476336634,4811
584,sustainability_ecology,20634,134,64,0.052287582,100,100,100,5106,1659,670,0.515757576,1.230707071,1.461142033,1.87010101,0.757234082,0.46779099,0.561945549,0.266412214,0.573698473,0.323999186,0.266767677,2641
584,swimming,1811,102,7875,1.273859592,101,101,101,3019,2054,974,0.298910891,1.860693069,1.776336634,1.927231499,0.715725849,0.607615069,0.437619048,0.493818182,0.447528952,0.497961495,0.36009901,3637
584,teaching,4521,148,6658,0.223445313,101,101,101,3648,1067,721,0.361188119,0.94950495,1.553267327,2.265792759,0.677386935,0.50238344,0.650678733,0.307598039,0.589234433,0.450429679,0.277227723,2800
584,tech,137325,184,4156,0.071951663,101,101,101,2335,1300,449,0.231188119,0.934950495,1.69009901,1.923636364,0.628942209,0.396992,0.367681499,0.274509804,0.356088955,0.306116184,0.237425743,2398
584,tennis,7313,102,11071,1.518655693,101,101,101,3679,2471,1205,0.364257426,2.215247525,1.557425743,1.655049505,0.750085522,0.581381295,0.273451021,0.300526316,0.376980832,0.373205075,0.73980198,7472
584,theatre_theater,18320,103,3414,0.282335428,101,101,101,3670,1551,526,0.363366337,1.166237624,1.617920792,2.087171717,0.726644001,0.558351649,0.544612795,0.321124361,0.534968163,0.306695688,0.198514851,2005
584,toys,2083,103,3929,0.50973015,101,101,101,4675,2941,1256,0.462871287,2.708514851,1.585742574,1.806060606,0.789614403,0.64535306,0.500320924,0.457383548,0.575178259,0.50395579,0.542178218,5476
584,trading,7622,119,8311,0.735291516,101,101,101,2789,1843,935,0.276138614,1.557029703,1.675656566,1.85588488,0.598641957,0.491666214,0.457919498,0.394099849,0.413990928,0.410466805,0.403168317,4072
584,tvshows_drama_actor_hollywood,23535,154,420,0.018543865,101,101,101,1003,709,181,0.099306931,0.385940594,2.313762376,2.433030303,0.418200778,0.300850416,0.269620253,0.358237548,0.17384703,0.197515528,0.043069307,435
584,university,2347,130,8980,0.198584697,101,101,101,997,219,102,0.098712871,0.167623762,2.380707071,2.25957376,0.636689134,0.28791083,0.377071823,0.273255814,0.318443936,0.25308642,0.047722772,482
584,vegetarian,2260,106,10306,2.450309082,101,101,101,3771,835,309,0.373366337,0.36950495,1.472079208,2.033745138,0.732817432,0.437149348,0.475352113,0.259426848,0.478729816,0.276258206,0.103069307,1041
584,weather,7660,104,13879,0.253994107,101,101,101,2635,902,807,0.260891089,0.795544554,1.628811881,1.910238429,0.647030513,0.433189557,0.302521008,0.29226361,0.343051627,0.319377348,0.331980198,3353
584,wedding,21085,101,46042,1.694215484,101,101,101,5641,3288,902,0.558514851,1.965643564,1.448217822,1.661818182,0.814800431,0.64839668,0.554422706,0.394402036,0.619926064,0.482349036,0.201584158,2036
584,wine,37798,107,53941,1.541523777,101,101,101,7064,2685,673,0.699405941,1.722376238,1.295148515,1.676435644,0.859760722,0.568455564,0.76159601,0.321358268,0.756100151,0.412540214,0.156237624,1578
584,wrestling,7538,101,3195,1.157189424,101,101,101,3118,2690,963,0.308712871,2.123762376,1.655445545,1.756039604,0.620966207,0.57767947,0.495443645,0.454054054,0.435234228,0.439920644,0.62019802,6264
584,writing,42081,126,10517,0.132141376,101,101,101,2262,589,236,0.223960396,0.325346535,1.833267327,2.385855263,0.594831803,0.327243749,0.676797628,0.253191489,0.436607188,0.305906453,0.081485149,823
584,yoga,10320,118,45282,2.576207544,101,101,101,5169,1815,814,0.511782178,1.538217822,1.483465347,1.611842105,0.772638544,0.565456075,0.575914634,0.398305085,0.583034725,0.43598985,0.253861386,2564
584,youtube,7586,107,3065,0.05456358,101,101,101,3987,3003,703,0.394752475,2.350693069,1.60970297,1.745049505,0.717920313,0.622886186,0.61547812,0.529801325,0.588663091,0.514335627,0.187722772,1896
