keyword,archaeology,java,liberal,horror,astronomy_physics,highered,parenting,nature,marketing,surfing,wedding,magician,hospitality,jazz,meditation,piano,wrestling,blogs,marriage,lesbian,climbing,engineering,finance_economics,tennis,tech,peace,storage,anthropology,banking,swimming,management,trading,fantasy,hockey,islam,astrology,agriculture,dance,cycling,climatechange,fishing,humanrights_activism_justice,energy,wine,php,cancer,html,vegetarian,jokes,gardening,charity_philanthropy,history,magazine,branding,racing,author,politics_news,innovation,perl,sailing,drums,university,photography,lawyer_legal,jewish,gaming,dental,composer,linux_opensource,animation,youtube,insurance,pharma,toys,gambling,outdoors_hiking,developer,basketball,sustainability_ecology,homeschool_school,chemistry,anime,rugby,weather,etsy_handmade,flash,skateboarding,python,investor,motorcycle,hunting,poverty,literacy,college,democrat,advertising,romance,theatre_theater,newspaper,skiing,sport_football,tvshows_drama_actor_hollywood,mac_iphone,religion,airlines_aviation,construction,publicrelations,nutrition,philosophy,psychology_mentalhealth,mathematics,architecture,documentary,career_employment,linguistics,dating,biology,filmfestival,genealogy,database,sociology,nursing,hacking,realitytv,ruby,pregnancy,poker,ipad,geography,automotive,comedy_funny,healthcare_medicine,ceo,food_chef,publishing_literature,buddhism,exercise_fitness,baseball,writing,multimedia,director,accounting,golf,housing,musician_singer,realestate,reporter,neuroscience,rapper,beer,beauty_fashion_shopping,comics,radio,running,yoga,cinema,screenwriter,recipes_cooking,poetry,teaching,army_military_veteran,children,restaurant_dining,mobile_smartphone,guitar,baking
archaeology,10779,0,1,2,12,1,2,4,2,0,0,1,0,0,1,0,0,1,0,0,0,2,0,0,2,0,0,582,0,0,0,0,1,0,0,3,0,0,0,0,0,0,0,1,1,0,1,0,1,1,1,115,4,1,0,5,0,1,2,0,0,63,2,3,9,0,0,2,1,1,3,0,0,1,0,12,2,0,4,5,3,1,0,1,1,1,1,4,0,1,2,0,1,13,1,2,3,2,5,0,0,0,1,3,1,2,0,1,5,0,1,43,4,1,4,0,5,0,31,0,9,0,3,0,2,0,0,0,51,0,1,0,0,0,4,2,0,0,5,0,1,0,0,0,0,1,0,6,0,0,1,3,0,0,0,1,0,2,0,3,9,0,0,0,0,1
java,8,9980,4,3,8,25,11,7,20,25,6,8,14,37,5,2,6,24,1,8,13,32,12,1,110,3,104,23,21,4,46,90,3,1,1,4,1,2,3,10,8,6,6,10,316,8,166,11,7,3,5,16,5,24,5,4,14,7,528,9,3,9,8,24,8,7,1,11,595,2,2,5,5,8,11,17,361,0,13,19,7,12,0,8,16,361,5,478,47,9,5,3,1,15,1,2,7,3,51,5,1,11,71,7,1,3,38,18,13,2,27,6,8,103,17,2,77,8,7,885,8,3,441,1,643,3,3,70,38,4,1,5,45,6,6,7,24,0,6,5,7,3,0,2,11,10,13,14,3,27,2,4,3,9,11,2,8,13,16,6,11,9,6,255,300,7
liberal,18,7,714,4,16,227,19,14,8,3,2,7,0,11,8,1,13,8,17,60,2,27,69,1,13,19,21,104,10,2,29,31,8,3,64,12,9,23,3,46,7,61,43,11,21,11,33,10,41,2,26,100,26,21,3,29,237,29,25,1,0,102,6,42,106,1,3,22,1,5,5,18,7,4,10,29,24,0,29,27,6,23,1,2,1,3,1,22,20,6,33,27,9,302,21,17,10,6,117,1,3,9,11,177,1,12,25,4,162,18,27,10,23,32,16,11,15,4,5,15,104,19,5,6,27,10,12,22,29,6,50,18,28,11,54,13,1,11,18,26,25,24,15,50,12,13,163,45,3,2,3,19,25,3,12,28,11,7,11,36,18,4,6,1,1,7
horror,21,8,51,14200,25,27,47,21,27,9,30,74,19,10,12,6,94,98,10,55,25,7,51,9,58,20,24,40,8,13,25,21,18,14,15,27,10,59,13,11,10,76,6,15,31,4,16,33,94,23,14,41,185,31,15,391,91,25,35,12,15,24,42,32,55,216,12,49,8,116,120,17,13,44,13,14,74,6,23,16,5,186,21,4,73,21,12,35,24,24,10,10,34,28,8,74,175,136,118,16,18,88,13,41,8,12,35,18,51,30,24,26,94,66,33,67,19,695,12,22,33,18,17,59,36,12,31,63,26,15,112,15,16,41,237,18,9,10,165,32,778,17,10,14,33,28,29,38,15,9,50,295,55,6,12,459,594,15,81,26,11,26,10,18,21,36
astronomy_physics,23,30,14,3,467,34,22,8,4,4,0,19,1,6,34,1,8,15,0,6,15,1061,13,4,50,4,20,25,10,9,19,21,3,2,5,18,2,6,3,49,2,8,27,7,29,6,61,3,12,5,14,35,36,13,3,27,23,45,25,3,1,303,18,23,14,82,1,20,24,26,10,5,7,6,1,17,83,3,33,67,311,13,1,14,4,149,12,38,16,9,5,4,13,109,3,21,20,7,18,2,6,9,56,15,3,10,9,8,125,20,502,33,27,13,31,7,116,4,10,16,24,3,31,5,26,1,6,141,20,18,19,21,24,9,61,43,6,2,11,20,12,2,5,5,2,3,9,81,2,3,2,62,9,4,12,3,29,3,18,135,17,4,2,45,2,4
highered,2,0,0,0,0,304,0,0,14,0,0,0,0,0,1,0,0,0,0,0,0,0,0,0,0,0,0,1,0,0,0,0,0,0,0,0,0,0,0,0,0,0,0,0,0,0,0,0,0,0,0,0,0,0,0,0,0,2,0,0,0,5,0,0,0,0,0,1,0,0,0,1,0,0,0,0,0,0,0,1,0,0,0,0,0,0,0,0,0,0,0,0,0,30,0,0,0,0,0,0,0,0,0,0,0,1,0,0,0,0,0,0,0,1,1,0,1,0,0,0,2,0,0,0,0,0,0,0,7,0,0,0,0,0,0,0,0,0,0,0,0,0,0,0,0,0,0,0,0,0,0,0,0,0,0,0,0,0,0,5,0,0,0,0,0,0
parenting,3,9,37,4,2,14,8759,45,30,2,7,8,3,3,30,5,1,9,269,172,9,3,37,1,31,1,3,44,9,6,24,5,0,4,18,25,18,2,5,7,3,45,4,5,11,60,10,38,23,7,78,7,33,12,4,47,33,13,14,3,0,23,7,51,123,10,7,8,4,12,9,14,17,26,0,11,26,3,24,287,3,12,2,0,11,5,5,15,16,3,6,23,161,48,1,17,27,7,16,5,4,10,5,52,1,5,62,88,22,399,4,5,14,21,12,29,19,2,13,8,60,20,0,10,20,1063,2,11,8,8,18,48,29,12,67,30,96,3,46,5,8,11,6,7,6,9,14,57,1,2,18,19,17,5,30,12,15,19,14,79,112,2121,3,7,3,22
nature,115,29,93,76,226,70,224,6953,97,65,86,37,68,75,568,57,45,62,83,51,159,82,86,32,66,91,60,306,41,34,112,91,43,33,37,307,187,57,89,493,221,108,271,115,48,94,63,135,102,562,109,157,88,93,51,115,68,240,37,46,9,149,633,95,95,59,33,70,28,43,42,84,135,54,27,902,68,24,766,482,734,70,29,203,268,79,86,59,74,58,250,37,129,68,21,108,68,55,101,271,35,54,27,161,69,76,77,119,499,343,254,300,166,70,88,91,3361,60,35,41,123,42,45,37,47,64,28,37,182,31,70,111,117,43,187,731,99,44,134,89,67,41,34,40,52,91,36,694,53,33,55,81,77,86,354,36,79,58,324,109,55,114,27,33,11,65
marketing,47,116,162,95,27,2110,397,71,15615,57,377,227,2575,74,738,34,23,435,75,116,112,138,310,41,367,51,687,179,1216,33,1987,112,34,50,73,89,699,117,60,138,274,90,311,527,134,204,170,131,45,316,627,57,82,4216,111,668,39,1033,155,170,45,319,781,3902,171,180,896,69,113,144,39,1392,2738,53,544,115,212,46,835,190,61,149,30,8,430,217,54,98,733,120,197,123,136,177,14,3576,152,398,95,332,39,16,131,65,222,921,4523,533,151,208,23,186,427,2818,56,133,80,134,105,408,219,72,108,25,156,110,33,234,114,1852,70,814,2281,94,1280,166,152,42,1233,145,251,843,70,127,17,3547,83,65,34,179,149,117,40,92,98,109,284,180,62,229,45,497,520,2805,82,99
surfing,6,11,9,10,11,23,20,29,36,5554,11,9,35,5,26,2,15,46,14,9,89,9,13,15,35,7,16,13,45,86,17,27,4,12,4,7,1,30,17,18,10,22,21,19,10,5,16,8,10,23,8,21,20,26,21,22,9,21,8,83,2,11,84,28,18,20,3,14,13,12,25,15,4,24,3,111,21,8,42,14,6,10,23,11,15,30,194,18,15,24,14,5,6,6,5,17,21,5,25,76,15,29,9,8,24,4,19,14,4,16,5,12,20,24,6,13,15,23,16,7,14,5,26,37,15,5,10,41,15,13,16,25,46,17,21,11,28,9,34,40,18,7,15,11,58,18,15,12,11,17,22,13,22,8,54,5,14,31,11,20,19,19,11,20,12,8
wedding,81,43,88,108,25,154,209,78,97,78,46042,219,498,88,50,37,162,176,1579,387,78,10,205,109,152,28,49,119,72,255,88,37,19,66,39,183,43,192,55,47,73,98,18,177,98,80,85,197,224,146,149,165,970,113,132,179,322,98,88,66,38,69,1565,132,836,87,55,124,9,87,265,106,26,98,67,112,72,58,91,114,25,63,191,35,1266,43,70,62,88,100,61,14,29,103,14,150,410,122,239,118,116,136,36,183,55,60,335,151,109,58,54,68,70,72,42,593,31,107,202,30,58,27,20,740,82,97,158,78,47,46,238,71,178,268,196,32,316,71,134,202,169,60,89,69,125,62,146,32,50,119,1048,151,264,155,70,81,156,283,112,68,108,81,136,48,55,1177
magician,3,0,5,11,2,2,8,6,2,7,6,2613,2,4,1,1,2,12,1,4,1,0,0,10,7,0,3,6,1,1,9,7,2,5,0,26,1,6,2,2,2,1,2,3,2,0,4,1,20,2,3,12,9,7,1,14,3,8,1,0,2,4,5,2,15,1,5,3,0,22,1,2,2,2,2,0,5,2,4,4,1,14,10,0,4,0,5,2,2,2,1,1,16,4,1,6,4,12,8,2,11,16,6,3,6,1,9,3,5,10,7,3,4,1,2,5,4,11,1,1,2,3,3,2,3,0,12,1,5,1,14,5,8,5,36,6,1,1,27,0,7,0,4,4,3,1,2,9,2,3,10,12,10,2,2,10,6,1,7,2,1,7,5,8,3,3
hospitality,7,4,2,3,2,21,5,13,23,11,32,16,4362,7,1,4,23,21,11,3,6,6,6,18,9,2,10,7,9,20,18,6,3,14,11,1,29,8,22,2,6,15,8,72,7,6,1,5,1,15,8,5,9,38,121,5,9,8,5,42,5,26,5,22,18,6,9,7,1,5,3,35,14,2,2,13,11,14,25,20,1,1,51,6,2,4,23,4,6,92,5,18,2,15,10,13,2,9,20,19,47,20,0,36,41,34,36,9,4,12,1,53,7,49,2,12,4,16,8,16,5,1,7,17,8,4,15,9,3,18,5,13,24,45,7,2,4,14,6,3,10,10,47,6,14,20,12,3,16,34,8,2,7,26,3,2,7,44,5,7,12,6,687,13,7,19
jazz,16,43,22,34,14,39,28,13,27,13,45,31,98,28619,15,417,32,153,15,18,15,3,9,11,25,3,20,89,13,37,32,19,51,5,5,14,12,451,14,14,25,51,8,118,22,9,15,25,27,26,57,116,119,47,5,86,43,69,21,15,934,291,80,38,186,42,9,219,7,38,18,13,63,23,211,24,25,615,15,15,11,26,11,3,26,25,26,73,35,9,11,11,29,241,15,49,13,140,219,68,10,39,9,27,37,18,49,36,55,10,7,37,62,15,55,36,19,31,16,8,39,6,12,17,56,0,23,23,20,54,62,31,33,77,80,25,29,7,16,104,53,12,5,3,78,29,115,86,92,87,51,35,168,34,17,40,34,36,134,65,14,28,95,17,802,21
meditation,8,4,6,2,2,4,73,15,15,2,6,9,7,23,8528,25,2,6,47,8,21,2,2,1,20,23,3,15,1,2,14,10,0,0,8,173,2,10,1,9,0,15,4,8,2,43,3,66,5,37,7,4,13,10,1,66,7,23,3,0,0,61,12,19,41,1,1,11,0,6,1,0,8,3,0,38,2,3,31,6,1,3,0,0,3,0,1,3,14,6,2,5,7,11,0,13,5,13,18,11,3,11,1,231,1,1,10,69,55,909,5,26,30,38,8,90,3,5,2,2,7,36,1,12,5,33,10,11,5,3,13,49,18,15,62,2526,116,3,41,14,10,3,1,1,13,3,3,178,3,0,5,6,18,7,1567,12,10,8,85,23,21,21,0,6,2,1
piano,13,27,7,28,5,22,28,9,12,2,15,59,24,1131,29,10459,13,81,9,14,4,9,32,11,47,18,17,15,9,12,24,4,3,8,3,6,7,61,7,14,7,7,5,17,22,11,18,7,46,7,11,33,33,27,6,35,18,25,19,9,49,65,18,23,26,35,3,1180,5,24,49,6,3,16,10,8,37,6,7,116,10,23,7,4,22,39,7,49,20,14,7,7,5,42,1,25,32,86,71,4,8,37,45,5,2,12,19,9,67,7,15,137,15,12,12,9,4,40,12,1,6,8,18,21,24,5,20,78,19,6,54,43,49,32,40,9,11,14,18,42,22,8,1,5,209,10,15,45,22,17,31,19,52,3,22,30,33,12,80,26,4,25,17,20,97,17
wrestling,4,7,21,65,4,28,18,18,7,19,5,20,3,2,13,5,3195,16,4,17,13,2,9,15,15,1,13,17,4,22,6,6,27,22,3,16,18,6,7,6,9,11,7,14,22,9,14,9,21,9,6,10,25,20,32,27,16,12,12,2,7,28,18,16,28,28,3,13,2,19,23,10,2,29,40,9,16,18,8,12,2,25,31,77,7,13,8,11,10,18,19,2,4,236,11,10,32,18,171,8,32,20,10,20,0,0,14,4,17,10,7,6,20,6,10,16,11,14,1,7,7,5,4,21,26,2,14,12,9,7,36,10,25,13,23,8,20,32,26,15,19,8,11,0,45,10,22,4,10,9,8,36,57,13,6,10,26,1,24,6,15,7,11,6,7,17
blogs,94,102,77,47,318,269,365,179,707,65,515,38,127,218,78,51,67,411,222,113,110,58,343,47,150,87,340,279,232,40,214,224,60,61,70,136,243,119,55,135,83,205,61,176,64,176,111,156,12,195,380,203,174,356,35,155,94,205,52,52,20,154,190,973,380,47,85,57,149,86,39,353,220,61,109,185,156,41,293,490,77,92,28,35,141,74,23,62,88,124,77,294,279,237,15,257,295,144,49,49,64,23,46,311,41,221,515,195,66,272,83,179,98,580,139,124,203,67,609,666,178,186,103,86,60,135,55,55,144,114,28,399,197,159,284,104,149,63,529,180,71,169,17,210,57,203,72,201,49,49,129,34,47,86,240,61,185,250,178,969,233,169,31,134,41,169
marriage,30,14,2000,32,18,93,418,21,41,14,532,50,23,32,50,23,40,118,22122,4499,23,5,231,23,68,37,30,138,37,21,58,53,22,19,258,229,11,55,14,25,24,445,28,46,57,39,71,29,371,28,253,176,253,69,14,318,886,72,76,7,9,88,52,295,558,60,8,113,5,31,110,33,30,17,43,23,76,23,53,133,16,98,16,5,39,15,7,32,39,11,17,133,22,49,351,75,284,236,587,24,28,113,35,1589,12,26,104,39,167,617,34,19,92,48,59,711,43,109,538,31,315,26,9,114,53,99,30,37,38,48,223,80,77,96,290,77,70,44,70,67,104,57,26,21,80,55,173,55,39,23,74,112,147,30,56,61,154,52,71,34,149,74,45,19,7,65
lesbian,4,1,93,63,1,23,36,2,1,3,15,8,4,0,7,1,8,26,103,7390,4,0,3,0,9,1,2,23,1,1,3,2,0,2,5,3,0,12,1,1,0,93,0,4,9,49,6,0,56,0,13,8,36,4,0,21,58,1,14,3,0,7,2,36,39,2,0,25,0,4,30,0,4,5,4,1,3,0,1,0,0,16,6,0,2,0,7,3,1,2,1,11,1,10,21,14,49,12,54,17,1,17,2,193,4,1,4,2,24,59,4,5,33,2,5,69,3,44,0,5,68,14,2,32,10,10,9,1,10,6,43,4,0,10,32,8,2,0,9,5,30,5,0,8,7,5,19,9,9,4,19,23,13,3,7,30,27,2,12,4,15,16,7,2,0,10
climbing,27,5,21,32,67,18,55,82,14,17,11,7,25,7,21,6,24,19,11,11,10386,17,39,18,20,32,13,24,10,71,20,37,14,15,10,16,21,9,334,25,19,19,33,23,19,72,41,6,23,122,85,17,20,24,54,48,21,31,17,24,6,36,80,22,21,20,5,9,4,13,30,16,11,24,12,1096,34,11,60,23,19,14,42,31,10,33,14,10,38,80,53,15,8,45,7,22,30,15,57,116,36,21,14,8,16,16,19,26,45,20,3,43,12,37,5,19,19,5,72,4,7,14,14,22,48,12,33,14,42,29,20,17,41,22,26,17,71,11,50,26,11,15,26,15,22,39,11,33,14,8,17,29,19,63,31,3,17,19,55,10,26,42,10,12,14,8
engineering,43,114,15,0,334,108,15,29,44,2,5,6,52,1,34,0,3,18,8,2,15,8417,51,1,159,15,153,41,44,8,122,32,3,1,2,2,73,3,7,82,10,16,553,2,95,11,80,10,24,18,27,25,28,24,47,17,24,142,39,19,3,809,17,46,27,22,10,14,96,12,5,54,59,9,7,13,124,4,98,52,569,16,1,12,7,65,1,93,203,58,15,26,35,307,33,31,14,14,78,2,8,1,40,5,70,530,69,8,36,14,200,160,25,274,31,6,262,7,29,135,32,18,600,1,101,7,0,78,78,146,3,53,107,19,11,7,5,2,19,22,10,23,3,25,8,16,12,97,4,5,5,12,15,3,7,2,10,11,12,85,130,23,1,63,85,3
finance_economics,16,9,215,3,8,48,25,24,34,2,1,9,23,5,19,2,4,13,15,10,3,25,504,0,42,33,136,140,97,3,79,76,3,1,2,11,85,5,4,134,8,59,174,12,34,6,22,9,5,7,53,33,27,60,1,12,93,166,15,5,0,262,9,54,21,2,72,7,12,2,9,19,37,1,5,10,21,11,196,86,15,30,3,1,2,10,1,17,99,15,8,186,13,98,26,79,8,13,47,4,2,3,6,25,15,32,25,17,103,56,53,30,16,29,16,16,42,3,6,47,189,31,28,2,24,5,2,9,31,13,6,81,68,8,56,22,7,9,20,42,15,40,1,55,2,24,21,54,3,6,4,10,9,4,6,4,15,11,8,42,10,8,6,139,1,3
tennis,3,25,23,4,26,40,37,8,17,226,19,30,45,20,24,45,28,93,16,48,21,11,77,11071,30,10,28,17,18,121,16,43,22,56,7,11,4,21,80,18,36,15,19,36,7,47,6,20,73,16,34,73,79,111,56,28,45,26,11,17,7,214,42,21,40,179,16,66,3,11,21,7,18,16,208,20,14,67,16,25,12,121,97,67,54,28,35,10,62,44,26,13,13,689,8,47,38,29,158,63,140,40,34,9,27,7,52,43,18,19,31,32,12,19,31,49,10,7,21,9,10,6,2,80,20,10,92,47,9,22,123,48,90,22,26,14,112,52,8,26,33,10,214,11,48,69,28,78,17,19,82,15,81,34,86,9,47,19,26,17,17,35,8,58,7,25
tech,139,469,137,63,331,964,435,127,808,71,130,127,401,71,80,56,53,463,65,88,147,1392,885,38,4156,76,1912,494,1038,151,504,705,93,32,20,63,445,112,210,452,102,387,1358,160,513,138,471,37,43,74,681,165,123,645,307,216,341,1501,441,72,122,401,267,1599,439,401,154,117,744,165,67,502,495,84,383,319,628,146,853,159,182,291,25,94,51,559,202,379,1638,404,112,203,502,1162,173,796,124,391,438,103,80,89,320,74,176,259,951,106,123,250,192,196,136,779,101,148,242,108,353,730,451,273,479,34,501,80,65,842,534,757,129,951,1067,94,353,102,99,53,269,340,216,764,105,30,75,596,251,172,96,72,140,107,103,193,95,44,123,102,69,1830,225,203,76,1175,333,184
peace,70,15,252,64,54,59,229,147,118,89,61,59,72,245,1467,28,217,70,288,200,48,30,178,36,56,5775,40,164,31,70,80,89,44,28,965,410,94,130,54,187,40,1145,66,136,36,125,33,218,156,144,904,458,130,107,83,207,475,206,42,27,66,193,123,127,1484,176,32,86,19,36,86,54,29,62,44,114,47,359,150,179,32,65,37,27,210,36,164,31,84,50,95,293,104,195,183,68,54,61,345,44,114,265,13,824,22,45,76,111,311,238,25,109,155,123,56,100,48,63,75,32,143,53,70,134,30,98,88,51,79,34,140,58,150,119,199,1438,116,76,85,156,102,82,41,39,231,63,207,51,794,56,102,80,253,77,905,28,98,54,353,139,390,173,46,40,152,61
storage,49,134,15,42,51,66,129,39,57,8,24,40,24,6,13,3,19,54,9,11,30,290,77,8,369,29,13571,29,43,9,57,86,3,8,3,15,144,5,9,261,65,15,1377,242,151,17,157,19,19,95,27,39,128,39,10,34,15,44,63,27,11,42,183,147,30,53,13,16,388,18,24,39,34,79,6,82,163,3,165,85,235,27,4,23,98,52,9,159,86,32,28,35,21,13,9,26,14,18,71,9,3,4,142,3,25,127,28,83,18,6,13,220,8,24,14,10,78,7,360,735,21,11,78,48,93,35,9,225,46,44,37,72,113,60,24,3,26,12,28,29,48,42,18,26,28,54,8,17,7,21,17,40,10,8,14,5,25,73,9,42,27,21,4,282,14,33
anthropology,382,0,0,0,2,4,1,0,2,0,3,1,0,2,0,0,0,0,0,1,1,0,0,1,1,0,0,7717,0,0,8,0,0,0,1,1,4,0,1,1,1,8,0,1,0,0,2,1,2,1,0,31,3,3,0,2,0,15,2,0,0,44,2,0,0,0,1,2,0,1,2,2,5,3,0,0,2,0,2,1,5,1,0,0,0,1,0,0,0,0,1,5,3,22,0,1,1,4,2,0,0,0,0,12,0,0,1,0,16,7,1,4,12,4,63,2,10,1,3,0,67,1,6,0,0,21,0,1,24,0,0,0,4,4,3,18,0,1,2,5,0,0,0,0,1,0,2,37,1,0,3,1,0,0,0,0,1,2,1,7,1,0,0,6,0,0
banking,18,21,129,3,5,14,14,11,58,4,7,9,17,6,8,3,3,11,18,10,9,11,742,2,48,14,36,64,7677,4,74,162,15,7,22,22,24,1,10,41,32,109,44,7,26,15,22,3,10,5,74,20,10,61,48,11,103,128,26,7,0,46,5,60,11,3,12,9,25,2,3,129,22,3,20,5,34,4,124,49,5,11,11,3,3,19,4,23,93,20,3,105,3,19,91,40,11,6,71,3,7,5,10,11,9,29,32,2,54,11,13,14,19,104,5,15,14,1,15,74,42,3,136,1,28,41,10,34,17,4,17,47,78,6,5,12,4,5,15,19,4,133,5,65,1,157,19,9,3,2,3,6,19,2,6,5,8,6,7,9,6,13,7,203,1,6
swimming,34,15,18,32,23,32,67,146,30,55,34,26,127,7,27,14,25,32,11,23,49,13,19,40,22,19,25,26,10,7875,30,18,4,13,14,35,11,21,91,29,96,17,50,29,16,36,20,19,127,36,44,43,60,41,27,75,27,16,24,50,3,100,68,39,31,10,20,29,7,21,52,24,13,40,13,86,32,18,79,42,25,18,55,32,35,18,31,32,25,54,26,12,20,332,7,25,37,29,97,34,63,49,6,13,9,39,59,52,25,17,10,72,24,29,12,20,46,10,18,13,20,17,5,49,26,36,33,17,49,9,73,109,37,34,37,53,136,10,31,32,25,21,39,25,49,31,21,41,18,19,37,20,32,183,27,10,28,35,106,30,37,99,13,14,13,19
management,163,268,61,17,127,470,233,410,728,15,54,48,2022,30,70,15,16,88,44,24,55,468,430,30,304,71,1309,183,1107,30,4286,362,53,97,49,44,1338,20,54,257,161,101,659,48,286,203,122,20,43,100,323,65,40,442,35,27,82,1398,124,411,8,523,152,1136,73,92,233,32,662,56,19,1594,721,15,122,122,282,34,918,193,167,19,107,256,38,145,9,248,349,46,402,122,79,200,56,300,30,72,156,43,97,25,126,37,240,711,519,156,77,408,72,153,37,1125,46,45,220,43,75,1289,139,547,238,43,154,62,44,205,317,215,22,915,462,21,102,31,76,36,128,89,31,937,113,374,18,344,70,126,39,17,51,32,47,32,56,20,53,47,20,588,193,359,383,274,12,97
trading,28,29,108,23,11,28,31,44,64,97,15,11,67,24,21,4,82,21,31,11,18,28,1390,23,90,12,36,37,520,18,37,8311,464,258,4,16,180,16,14,287,79,81,806,48,25,48,6,16,9,29,48,41,36,49,23,45,232,69,22,21,14,34,16,121,12,103,17,13,43,14,9,92,103,238,133,40,27,141,155,23,28,71,9,5,26,46,16,41,710,36,32,26,7,34,85,79,119,15,183,33,111,20,36,13,37,72,37,31,29,12,10,17,8,57,9,11,21,8,40,57,30,9,34,9,41,7,40,73,22,65,28,50,146,24,53,9,9,294,42,24,13,130,23,42,15,73,106,16,20,19,53,24,40,10,12,3,19,13,11,23,20,19,18,27,14,15
fantasy,25,13,72,149,24,56,58,13,26,163,105,54,41,23,26,37,179,53,50,86,12,9,108,194,87,9,29,48,62,27,29,46,26046,431,13,58,14,48,17,15,227,24,23,56,34,52,31,8,60,13,15,37,112,46,222,465,41,33,34,23,80,16,65,33,42,1018,8,51,21,56,77,20,8,46,250,16,52,207,15,27,11,537,82,31,154,59,290,25,52,64,49,6,74,54,9,69,450,59,50,80,397,111,92,35,26,24,39,15,69,53,32,36,23,17,27,97,13,376,4,6,29,9,8,59,46,10,216,205,34,64,146,25,49,32,642,28,8,685,751,33,76,30,275,7,67,38,51,36,79,30,79,178,118,21,15,63,136,15,56,20,18,36,48,82,38,48
hockey,14,31,41,63,11,256,62,21,35,9,16,20,21,21,31,7,157,20,13,48,22,14,33,93,29,0,99,39,31,96,18,133,222,6882,4,7,44,16,53,69,27,14,51,33,19,144,14,6,50,11,12,67,37,44,149,35,72,27,10,6,29,434,49,73,51,57,7,28,4,8,42,43,28,16,228,23,50,56,33,20,5,58,35,29,21,33,78,32,55,37,37,12,37,527,62,57,48,7,482,82,68,112,46,27,56,17,138,20,16,49,25,27,40,19,18,49,20,23,35,13,74,13,3,58,28,4,130,67,6,33,79,23,155,22,22,6,92,145,32,37,113,29,88,8,39,56,76,47,11,73,24,43,67,40,20,20,73,16,18,56,37,39,39,43,13,56
islam,15,1,48,2,1,4,1,0,4,0,0,3,3,5,7,0,2,1,4,10,1,4,6,0,7,18,0,150,0,0,1,0,0,0,3996,1,3,0,0,9,0,50,0,1,6,0,1,1,7,3,5,58,6,6,0,3,39,15,4,0,0,33,5,12,149,0,0,3,2,0,1,0,1,0,0,0,7,2,6,4,7,5,0,0,0,1,1,3,9,0,5,15,4,6,1,0,2,4,35,0,4,4,0,705,0,2,1,0,30,3,1,9,17,1,6,2,16,2,3,2,46,1,6,0,3,1,2,2,17,1,10,1,1,2,24,25,0,0,2,16,3,0,1,1,0,1,18,4,11,0,1,3,6,0,4,4,1,8,6,9,46,1,0,0,0,0
astrology,5,1,2,0,42,1,1,2,3,1,3,4,0,0,20,0,0,2,6,11,0,0,0,0,1,0,2,3,2,0,2,7,0,0,5,10220,0,2,0,0,0,0,0,1,1,2,2,2,5,8,1,4,7,1,2,3,0,4,2,0,0,0,1,3,3,0,0,1,0,0,6,0,0,1,3,0,3,1,2,0,0,1,0,0,5,0,1,0,20,4,0,1,0,0,0,1,3,0,0,0,0,1,2,29,0,4,0,1,5,3,6,0,0,4,2,23,2,0,2,0,2,0,0,2,0,3,1,5,0,0,5,1,1,2,5,5,0,2,3,1,0,0,0,0,1,1,0,5,2,0,12,2,9,1,13,0,4,0,3,2,0,0,0,0,0,1
agriculture,65,1,24,0,7,8,2,75,0,1,0,0,8,3,4,1,3,1,1,1,2,20,57,0,12,71,2,52,20,1,7,56,0,1,3,16,4572,1,0,201,9,92,110,20,0,5,1,53,3,187,131,18,4,5,0,2,49,38,2,1,0,52,1,5,38,0,4,1,1,0,1,24,23,0,2,10,0,0,283,11,16,2,0,9,4,2,0,1,12,0,25,249,8,25,69,8,7,0,43,0,0,2,0,8,5,15,3,138,8,0,3,70,7,2,2,0,67,0,7,3,9,1,0,1,2,0,1,5,55,2,2,17,8,51,4,6,5,1,2,6,1,9,2,6,3,28,7,4,3,8,0,0,4,2,3,0,2,41,1,8,29,22,6,15,0,2
dance,72,33,79,200,106,226,229,125,118,154,520,141,133,357,201,72,348,527,195,312,76,62,67,151,147,126,63,130,37,142,150,51,87,74,15,201,50,15316,48,53,69,133,26,90,66,182,49,89,247,90,147,188,754,116,118,250,164,134,97,26,69,401,109,135,326,594,30,206,15,147,529,48,40,166,275,62,131,293,76,200,74,372,150,57,200,54,105,61,69,64,58,46,96,410,26,172,268,994,243,194,191,669,21,102,48,31,192,165,138,105,54,108,150,60,85,319,70,124,79,51,51,64,46,647,131,90,136,97,70,49,345,185,141,146,148,124,250,107,134,111,234,52,61,36,413,117,108,113,341,83,500,146,591,74,510,142,169,76,438,109,67,263,141,81,75,104
cycling,11,20,4,3,17,7,10,39,8,4,1,2,19,7,8,1,4,16,25,11,173,7,5,11,13,7,7,22,5,102,13,7,1,10,6,4,2,4,4154,144,10,11,20,31,22,191,35,18,5,10,151,27,18,58,61,13,7,19,19,18,1,46,16,20,15,9,4,25,6,7,6,18,14,9,8,297,8,1,156,9,15,10,93,22,4,12,9,11,36,226,12,26,6,24,4,28,9,8,71,76,75,16,4,6,16,59,18,48,10,34,6,60,14,7,9,6,29,4,4,3,12,10,4,9,28,8,5,16,67,25,27,18,18,14,18,57,127,1,14,13,4,11,11,37,6,11,3,16,1,76,13,2,16,246,41,2,7,5,14,6,49,26,6,7,3,13
climatechange,0,0,0,0,1,0,0,0,0,0,0,0,0,0,0,0,0,0,0,0,1,0,0,0,0,1,0,0,0,0,0,0,0,0,0,0,4,0,1,13,0,0,2,0,0,0,0,0,0,1,0,0,0,0,0,0,0,0,0,0,0,2,0,0,0,0,0,0,0,0,0,0,0,0,0,0,0,0,2,0,1,0,0,0,0,0,0,0,0,0,0,1,0,0,0,1,0,0,0,0,0,0,0,1,0,1,0,0,0,0,0,1,0,0,0,0,0,0,0,0,0,0,0,0,0,0,0,0,0,0,0,0,0,0,0,0,0,0,0,1,0,0,0,0,0,0,0,0,0,0,0,0,0,0,0,0,0,0,0,0,0,1,0,0,0,0
fishing,54,5,21,20,12,17,27,525,34,140,21,13,25,5,18,3,62,49,11,8,88,11,20,16,21,351,36,62,6,21,13,45,18,41,3,10,72,8,46,159,39601,73,106,14,9,12,16,32,60,38,24,34,29,22,192,32,52,28,11,461,1,12,66,48,7,41,7,7,3,17,25,28,10,29,7,296,24,23,198,18,18,17,73,119,38,12,39,20,18,40,6489,27,15,11,48,46,31,7,140,82,35,22,51,25,7,12,49,30,14,7,5,31,28,20,11,19,41,23,27,5,12,5,15,31,22,3,34,124,38,10,36,7,86,92,14,13,10,25,17,38,26,40,113,5,19,80,35,16,16,49,24,15,29,14,12,27,28,44,41,24,207,30,28,16,5,54
humanrights_activism_justice,31,11,774,38,14,109,60,51,29,11,14,19,41,32,42,10,98,173,63,184,18,16,146,18,83,293,24,158,40,20,44,59,34,24,250,128,89,27,19,479,14,3241,74,31,23,25,16,54,57,31,325,165,86,43,9,75,688,77,33,16,11,302,18,1149,869,74,14,32,17,43,32,112,70,22,48,11,29,32,204,26,10,91,29,10,21,18,17,27,66,17,29,530,67,189,263,32,98,47,423,9,94,91,49,545,13,67,43,32,228,136,45,65,152,27,43,22,32,29,37,30,335,59,128,32,33,18,55,52,51,15,81,116,59,41,192,85,14,67,79,76,68,84,17,117,50,56,172,58,105,15,28,696,102,10,36,52,37,26,72,79,122,105,27,56,26,26
energy,108,49,583,74,1767,192,248,980,185,165,88,95,245,124,925,61,190,108,227,151,183,2069,847,111,365,2172,254,187,279,118,433,965,20,212,64,1584,886,323,182,7630,105,416,44486,109,90,145,67,370,121,290,390,63,179,282,312,209,1299,798,109,145,70,781,100,321,270,86,165,73,66,36,120,510,133,55,53,244,111,346,7113,166,1117,70,73,200,123,91,147,99,408,413,168,372,86,273,1283,217,104,110,596,132,116,203,41,122,42,2210,280,914,192,188,127,756,122,299,29,250,316,54,70,218,138,138,62,241,95,104,94,140,406,315,138,216,401,119,92,371,904,97,104,84,136,252,97,1150,168,364,301,175,354,77,110,79,154,433,820,23,78,171,108,197,472,201,75,110,61,81
wine,188,115,77,118,65,206,202,86,124,90,518,98,912,269,127,50,131,145,73,135,85,46,197,53,200,13,203,376,75,150,161,97,7,68,22,119,351,95,230,287,80,69,47,53941,92,163,79,231,129,433,77,164,232,645,82,348,80,105,68,86,30,96,101,246,312,36,109,204,481,62,96,91,90,87,60,162,74,139,377,39,100,128,119,31,389,56,66,96,164,103,57,64,59,91,8,119,375,230,187,245,53,179,67,42,233,102,299,521,143,52,54,173,52,73,61,400,121,240,167,57,51,45,48,413,135,69,126,61,74,83,167,120,271,2556,253,36,258,51,151,42,94,123,196,25,166,137,82,123,201,1313,145,167,101,167,247,39,231,3836,264,65,22,67,2378,41,117,1193
php,22,155,1,2,4,74,1,0,18,0,1,17,1,1,5,18,0,56,3,2,1,8,5,0,40,5,16,4,3,0,23,0,3,0,0,6,1,0,0,4,2,4,0,2,15022,1,401,3,4,0,2,2,2,22,0,6,4,9,203,0,0,1,6,2,3,0,0,2,423,9,1,1,3,4,0,2,333,0,16,17,0,6,9,5,1,305,6,268,68,16,1,0,0,0,0,5,3,1,0,0,2,1,196,0,0,2,26,0,7,3,4,3,2,44,10,4,22,0,4,318,7,2,448,0,173,0,0,24,14,6,1,4,19,0,2,6,0,0,14,12,1,2,0,0,0,13,0,1,0,5,0,8,0,0,4,1,1,2,1,6,2,4,0,6,6,1
cancer,53,27,295,63,67,58,422,66,179,153,155,58,84,33,324,20,227,149,67,740,94,241,161,116,137,44,68,105,49,242,118,97,55,156,40,1860,103,204,466,134,67,229,88,95,64,52583,40,405,144,79,822,87,202,104,203,266,444,171,43,136,120,734,51,168,216,30,955,29,32,23,79,267,4392,53,56,82,77,263,339,95,979,42,249,27,101,26,227,26,82,172,101,71,65,369,254,173,149,53,644,109,284,312,26,148,31,119,212,1316,91,687,117,73,161,79,24,144,1474,34,83,52,88,2183,31,336,36,465,191,44,84,118,206,2998,173,111,121,79,1185,230,115,73,73,59,220,59,133,97,161,378,88,81,221,70,168,297,1592,34,96,166,70,65,228,1437,118,65,82,116
html,13,297,0,3,9,134,4,2,31,1,7,10,3,3,11,2,0,86,3,5,2,7,13,0,65,2,12,34,14,0,9,4,2,0,1,3,3,2,7,7,3,4,2,5,475,1,1936,8,10,9,11,7,11,48,1,4,3,19,162,1,1,1,41,39,3,10,3,11,154,8,6,13,20,6,0,8,582,2,6,28,16,10,0,4,25,620,4,302,30,13,6,1,6,2,1,31,18,1,2,8,0,0,71,1,3,7,31,1,18,12,44,5,9,18,14,5,30,0,35,79,17,6,94,2,283,4,1,77,26,3,1,11,28,4,18,12,4,3,33,40,7,10,0,1,0,14,4,13,0,10,6,25,5,2,9,6,20,10,8,58,4,2,6,92,9,12
vegetarian,8,5,10,11,3,26,72,26,20,2,26,17,17,9,54,3,13,14,4,24,10,1,13,6,16,30,10,14,5,7,9,8,2,2,3,18,34,6,4,37,4,7,3,64,10,17,13,10306,50,75,5,6,16,13,0,33,14,12,30,1,1,27,12,23,43,2,5,26,0,6,30,7,4,16,6,25,25,1,155,14,8,12,1,0,16,5,5,19,12,2,12,8,6,12,1,2,25,4,7,5,5,18,1,21,22,4,13,385,22,8,3,16,5,3,12,22,15,8,6,6,4,9,6,9,32,33,25,6,14,9,15,30,10,343,15,78,204,3,19,9,8,0,2,1,10,4,8,12,7,33,19,18,25,42,105,1,8,599,7,12,1,27,158,5,1,63
jokes,28,18,118,57,41,53,56,13,45,21,18,69,10,20,16,8,74,46,35,62,12,10,25,28,47,3,39,37,33,24,30,28,45,57,20,23,19,34,32,16,11,52,18,18,70,23,48,20,651,20,19,38,89,42,45,83,114,19,57,8,26,14,20,50,80,54,8,47,8,35,204,16,10,22,23,10,75,97,25,22,19,60,67,8,15,26,22,52,24,30,11,22,48,27,16,46,43,63,56,8,103,77,32,47,17,12,45,8,66,29,47,8,16,37,54,54,33,15,10,29,61,20,21,68,67,14,83,51,23,28,519,26,47,44,57,20,10,97,46,25,92,31,19,20,33,6,114,37,83,18,19,166,63,18,12,35,85,9,30,40,17,23,17,21,11,33
gardening,4,3,3,11,6,2,108,440,6,5,11,4,10,3,72,0,3,6,8,4,7,4,15,1,3,5,1,15,5,12,4,2,1,1,0,22,742,3,5,57,11,22,12,8,3,11,6,728,6,14470,24,14,24,17,1,17,6,26,6,5,0,13,2,4,8,5,5,8,2,5,4,8,5,6,2,25,7,0,205,117,4,2,4,12,31,4,3,3,1,6,26,13,19,6,4,2,19,3,34,7,5,4,2,4,0,28,15,143,12,13,7,28,8,4,5,0,18,1,21,6,0,3,3,4,6,20,0,10,19,2,1,7,10,39,28,16,19,2,27,3,5,4,0,88,3,32,2,8,2,8,12,1,9,3,20,1,6,82,19,17,3,27,15,3,1,20
charity_philanthropy,13,1,6,0,1,33,11,13,15,1,2,0,8,3,1,0,0,0,2,0,0,1,30,2,19,4,1,12,12,0,9,1,0,0,4,5,9,9,2,19,0,32,9,6,1,26,0,1,1,3,2281,5,3,20,2,0,3,146,1,1,0,40,6,1,417,1,0,2,0,0,1,12,18,0,1,2,5,3,190,13,1,0,2,0,0,1,3,0,10,0,1,104,43,45,2,13,3,12,13,3,4,4,11,9,0,4,15,2,5,3,2,13,47,13,3,15,9,3,2,1,7,4,0,1,2,0,0,2,6,11,0,45,29,4,6,5,1,2,2,11,0,7,2,17,3,2,18,3,1,1,6,2,1,1,3,0,1,4,5,8,3,20,4,3,0,0
history,2299,144,968,292,543,318,266,426,345,163,102,199,250,360,146,61,350,480,111,439,146,286,419,261,426,198,207,1139,215,172,224,307,409,620,236,201,358,261,224,394,188,775,322,506,198,336,337,109,338,301,375,11685,551,337,288,327,777,451,216,219,150,1229,340,338,2480,408,120,173,241,277,190,223,190,152,308,439,327,430,454,1293,259,241,182,360,129,184,221,256,321,267,220,343,525,905,369,428,285,418,652,178,534,227,166,689,193,215,274,153,767,509,735,582,786,306,523,195,486,181,7371,219,665,260,232,129,252,144,219,220,606,398,314,390,326,278,1327,207,134,864,375,369,269,212,301,145,181,217,446,424,391,276,202,476,292,181,165,284,271,253,323,919,1363,178,140,226,382,133
magazine,224,121,137,1180,285,241,579,245,400,457,687,182,339,313,141,37,150,394,117,451,648,354,227,116,188,49,146,224,160,184,328,99,42,110,125,97,293,335,216,166,571,286,982,291,105,231,186,317,83,702,268,409,1646,565,70,197,140,350,66,508,740,393,632,290,302,204,166,87,476,406,104,336,134,259,557,445,121,94,358,500,85,314,57,28,222,218,370,47,137,353,625,135,213,248,31,580,131,185,327,534,117,152,140,253,192,475,1219,269,166,232,112,550,181,146,122,316,299,171,497,294,160,159,311,343,62,241,127,935,264,380,172,168,209,319,622,96,411,69,452,738,225,186,120,226,196,196,268,217,165,584,779,184,139,204,244,110,505,251,359,176,269,184,147,356,526,273
branding,1,11,19,6,0,146,20,5,645,4,66,15,337,2,13,6,2,56,18,10,9,8,30,2,39,0,22,32,105,6,143,7,4,5,10,4,36,5,6,25,2,13,21,59,15,12,34,6,4,13,56,5,33,4089,8,22,5,156,4,11,0,21,68,121,41,5,21,1,22,8,5,120,66,25,14,11,33,5,137,28,1,18,6,2,53,42,1,23,40,17,11,11,15,46,3,526,24,12,14,18,7,2,7,8,32,35,263,27,18,35,3,49,29,1585,12,20,10,15,10,15,15,2,2,2,11,5,3,34,17,44,4,41,109,7,40,8,16,2,106,19,14,53,3,12,4,87,12,8,7,24,10,12,4,5,13,3,36,14,10,20,2,15,8,86,5,10
racing,16,31,17,14,39,23,20,43,18,47,17,14,37,5,14,5,32,24,10,6,105,177,26,33,51,6,40,26,20,923,14,24,10,18,4,27,58,27,4041,21,23,26,49,8,9,43,14,77,13,19,66,33,37,41,5232,47,26,22,23,6356,12,62,45,27,8,317,7,23,25,46,35,78,14,21,610,91,122,25,58,11,14,61,264,65,15,53,103,16,39,3164,37,5,13,40,9,32,24,13,107,511,191,32,206,7,26,30,44,18,14,19,12,19,94,9,18,12,15,33,5,34,20,33,22,48,36,8,54,740,27,1217,25,20,64,26,31,26,50,53,23,35,59,12,50,7,23,19,32,14,7,33,36,29,67,1020,11,19,30,20,41,13,46,58,26,80,21,15
author,142,104,218,333,114,201,545,332,320,5,65,72,85,80,450,26,29,108,270,185,102,84,202,17,190,48,64,195,88,27,242,59,56,10,110,269,91,52,40,129,127,264,82,97,127,158,149,342,31,248,225,739,246,202,9,2442,255,344,149,93,21,1023,159,199,743,71,93,46,63,70,30,67,71,19,41,178,202,16,374,566,246,189,7,71,75,132,10,122,86,74,69,219,1512,403,23,148,3706,207,219,13,14,42,191,492,8,67,159,272,250,378,182,117,79,245,177,213,249,70,253,94,210,179,121,26,147,169,38,118,147,52,89,157,164,189,8889,270,144,56,3480,90,69,84,19,35,20,191,108,279,21,50,59,139,388,94,226,94,345,216,634,486,247,469,107,60,19,92
politics_news,5564,605,3830,1547,2092,1489,1472,2439,2028,652,994,628,1895,1328,527,249,650,1033,491,1442,1000,1213,2241,889,2533,1090,1127,1760,2169,1001,794,2085,6775,1111,841,905,2649,834,1059,3286,1936,3578,4860,1525,625,3106,702,1020,688,1012,2518,1625,1175,1309,2500,1372,3740,1571,560,8415,666,1877,1215,2412,1946,2097,1098,617,876,1511,571,2364,2127,1109,2346,2090,875,638,2418,1058,1015,1792,4442,1026,843,686,827,576,1187,1797,2163,1804,1596,2806,1539,1686,1144,1564,3899,787,1855,624,810,2909,1457,2742,3384,1545,952,2056,620,1476,1466,1565,881,803,2629,3752,2161,1370,1370,1365,991,517,528,992,747,1779,1556,2494,1273,4365,1411,886,1857,762,730,1166,1145,3788,1289,2767,779,2430,693,4924,3683,1894,413,938,910,1039,2718,1480,870,572,1014,945,1030,1710,4980,1391,641,2405,751,746
innovation,19,199,47,1,174,297,30,50,419,18,13,14,384,16,30,8,3,50,6,4,32,783,187,5,377,45,515,220,1608,7,1374,59,3,0,28,32,777,27,27,317,27,104,917,47,91,99,82,15,5,31,974,54,35,431,13,35,125,21729,36,67,14,602,46,328,437,34,33,12,269,30,4,181,1053,20,22,26,97,7,1521,79,359,10,1,5,5,86,8,39,573,21,19,407,153,126,151,668,4,36,51,42,5,6,28,16,50,309,254,46,61,108,75,288,110,391,17,14,205,55,20,247,156,177,108,2,40,18,5,76,188,189,10,1251,658,22,269,14,29,4,48,172,11,288,14,171,9,70,38,77,12,30,30,8,6,31,24,2,15,23,19,445,109,63,36,493,27,17
perl,0,23,0,0,7,3,0,0,0,0,0,0,0,0,0,4,0,0,0,0,6,4,0,0,5,0,22,2,2,0,21,1,1,0,0,0,0,0,0,0,0,0,1,1,86,1,41,1,0,0,1,2,0,1,0,0,0,1,6296,0,0,2,0,1,6,0,0,2,189,0,0,0,0,0,0,2,38,0,0,1,0,0,0,0,1,10,1,98,3,1,0,0,8,2,0,0,0,0,0,0,0,1,9,1,0,0,0,0,2,2,7,1,1,6,6,0,53,0,0,87,0,0,59,0,58,0,0,13,4,0,0,2,0,2,0,0,0,2,4,1,0,0,0,0,0,0,0,0,0,0,1,0,1,0,0,1,0,1,2,0,2,7,0,0,0,1
sailing,19,5,6,7,29,9,11,51,6,9,15,10,35,12,8,1,4,11,4,6,43,6,15,6,12,36,7,7,11,12,11,10,1,4,4,24,3,7,10,20,49,4,17,12,6,8,7,5,3,2,9,47,16,14,11,16,10,15,10,15178,2,18,10,7,14,3,1,4,3,6,8,20,5,2,8,43,10,0,22,17,3,13,18,8,17,5,12,10,21,21,8,2,4,19,5,9,7,9,29,22,17,15,3,3,5,10,11,7,4,6,4,12,9,36,7,11,7,5,13,5,4,2,26,4,8,3,7,15,10,7,15,7,30,6,16,9,4,3,16,13,4,7,3,9,5,6,7,2,1,7,18,2,6,14,7,3,8,10,37,8,70,4,4,14,4,14
drums,3,1,12,6,4,9,4,1,2,8,1,13,6,141,2,8,4,85,5,1,3,3,4,10,9,12,5,6,13,1,7,1,2,2,2,7,4,18,3,3,2,7,1,9,8,5,4,3,5,3,12,10,17,8,11,2,12,9,6,2,3144,5,6,3,12,26,1,42,5,7,23,2,3,11,1,10,12,2,6,7,6,7,9,2,7,7,9,11,5,13,5,6,2,8,6,7,5,4,9,1,3,35,11,3,2,2,5,1,9,5,4,3,4,2,1,1,4,4,3,2,4,3,6,7,22,2,24,13,4,7,14,5,10,3,4,33,5,5,1,10,13,4,4,5,127,5,7,10,28,11,14,19,55,4,8,2,6,5,57,6,4,13,5,9,165,1
university,1220,148,246,30,346,4013,130,366,183,17,21,134,161,261,120,84,49,86,66,195,66,1164,160,46,299,165,193,1163,76,290,193,139,127,100,236,34,536,114,32,365,173,367,567,59,86,385,64,148,49,256,455,1096,82,148,42,101,316,403,62,69,214,8980,55,294,387,49,215,155,83,125,35,130,1393,43,72,63,81,182,386,116,696,373,80,142,24,72,20,66,201,25,88,200,190,3159,175,110,76,77,1603,41,80,43,45,581,51,470,217,199,653,591,567,815,93,295,447,52,991,60,267,203,770,633,124,44,79,84,44,79,768,99,135,390,237,75,347,143,81,68,133,226,75,123,83,168,50,206,173,537,146,46,78,78,80,131,104,20,73,79,261,878,301,177,59,118,52,47
photography,125,11,17,116,67,124,56,1581,137,56,961,54,65,57,35,10,16,303,17,105,183,27,26,7,84,25,20,158,57,34,14,8,2,7,4,20,34,117,46,45,419,43,17,18,59,32,250,96,12,134,73,127,259,212,10,23,33,88,21,66,12,150,18442,39,44,9,31,34,70,76,19,17,7,50,2,261,51,2,103,139,18,38,14,63,675,66,74,16,31,82,56,31,34,37,2,156,22,39,58,77,5,29,69,14,21,61,67,34,188,26,12,304,81,15,21,22,39,30,71,9,62,13,36,15,30,62,11,189,136,33,20,6,48,177,61,46,28,4,104,1823,90,13,14,38,14,71,13,39,22,31,97,27,12,12,46,27,39,250,603,79,41,81,18,55,32,172
lawyer_legal,71,56,519,51,34,148,93,94,164,19,25,36,212,37,33,13,113,432,110,284,31,38,307,40,233,241,117,154,163,44,147,94,54,60,98,66,132,14,57,275,58,627,178,86,132,152,91,65,86,44,302,159,105,182,121,132,421,182,103,57,20,226,86,10182,171,123,52,44,99,51,48,462,222,15,206,34,127,74,219,261,38,141,22,13,18,64,46,122,169,96,133,472,45,121,92,96,126,48,536,35,146,62,180,381,53,563,274,41,130,164,46,52,103,290,84,59,102,54,94,59,136,206,245,34,90,67,164,126,69,85,118,373,118,65,191,34,47,62,84,107,74,180,27,387,40,449,233,122,31,98,43,151,190,29,16,284,85,40,33,145,122,114,46,174,21,37
jewish,106,4,116,26,1,20,51,9,10,4,88,29,11,19,27,3,94,20,30,66,2,3,16,7,6,172,13,112,7,10,5,24,2,4,280,32,12,15,4,7,15,80,8,26,6,41,2,40,122,11,101,310,49,12,0,55,238,12,14,4,6,108,18,76,23021,1,4,45,1,9,34,6,10,22,7,12,26,15,19,37,4,14,0,2,1,4,4,17,24,6,3,32,17,49,84,16,25,59,147,5,12,35,6,1101,8,8,39,19,69,18,26,45,55,19,26,118,27,113,262,7,42,11,3,26,10,11,19,12,23,10,123,26,20,80,148,33,13,18,30,25,51,9,2,9,22,10,55,15,12,25,19,30,53,4,35,17,27,58,39,17,27,42,29,1,5,57
gaming,16,32,21,147,13,46,62,7,147,4,6,25,83,2,2,0,13,78,7,78,3,34,74,9,621,6,59,65,81,5,33,73,12,7,7,2,12,6,2,30,7,30,19,23,35,4,115,2,13,0,36,17,53,88,14,29,22,211,36,4,0,49,4,56,39,2370,17,12,124,92,216,8,70,47,1488,11,339,11,57,21,10,172,19,1,6,536,12,56,108,13,16,4,38,21,17,206,22,13,102,12,15,17,156,4,4,13,78,11,24,75,9,35,26,28,10,20,22,23,6,47,48,6,60,3,36,1,277,400,40,19,19,117,94,5,48,19,13,13,32,52,49,18,21,1,7,20,22,55,11,7,2,94,14,1,1,8,14,5,5,146,35,42,6,591,24,10
dental,15,2,21,9,3,19,45,4,21,1,2,14,1,2,18,2,7,18,6,10,6,15,26,5,10,0,5,37,6,0,7,8,2,4,1,12,18,4,10,11,4,16,2,8,7,77,2,9,37,18,30,18,9,18,13,32,22,10,10,0,1,93,5,14,9,4,21546,14,1,5,13,86,31,11,1,8,9,5,22,21,22,7,5,1,10,14,3,6,5,7,5,46,14,49,55,16,24,4,66,2,6,13,1,9,1,9,23,73,15,38,2,22,4,27,4,17,65,1,7,12,11,31,3,8,6,36,12,10,8,6,25,104,12,15,7,3,51,3,6,7,18,19,2,1,8,8,4,33,2,3,5,18,14,4,10,1,10,8,5,7,110,70,6,3,0,18
composer,3,47,2,50,4,1,1,4,1,1,0,8,3,259,2,218,0,47,1,3,0,1,3,0,10,0,10,4,0,0,0,0,1,0,2,0,0,31,1,1,2,9,3,1,81,3,8,4,1,3,12,74,28,4,0,8,11,11,5,1,24,39,32,6,40,76,0,1374,9,54,6,2,4,0,1,1,13,0,4,20,5,46,0,0,1,16,1,3,7,1,0,2,0,16,1,6,2,201,21,0,0,3,10,10,0,0,11,0,12,2,14,14,33,4,4,0,0,51,4,3,5,2,3,1,3,0,1,11,3,5,7,2,5,6,30,11,0,1,10,15,63,3,0,0,4,5,4,17,3,2,5,4,33,2,1,70,35,1,11,12,2,3,0,4,28,4
linux_opensource,5,70,1,0,0,3,0,0,0,0,0,0,0,0,1,0,0,0,0,0,0,3,0,0,2,2,12,2,7,0,6,0,0,0,0,1,0,0,0,2,0,1,1,0,26,0,15,0,0,0,2,0,0,2,0,0,0,3,8,0,0,0,0,2,1,0,0,1,115,0,0,0,6,0,0,1,22,0,3,0,3,0,0,0,0,35,0,19,3,2,0,0,0,0,0,1,0,0,0,0,0,0,3,0,0,0,1,0,0,0,1,3,3,0,2,0,2,0,0,30,2,0,16,0,26,0,0,3,19,0,0,1,7,0,0,3,0,0,1,0,0,0,0,0,0,2,0,0,0,0,0,0,0,0,0,0,1,0,0,7,0,0,0,13,0,0
animation,19,58,13,38,174,19,34,39,24,4,2,35,8,18,14,10,5,140,1,9,9,34,17,4,79,27,38,33,14,5,17,5,3,8,97,13,16,22,7,64,1,63,40,5,35,11,354,27,8,8,41,27,63,69,0,15,11,91,26,22,4,43,50,13,47,107,99,66,47,7435,37,20,18,184,2,5,167,1,60,17,33,586,4,102,19,485,21,34,14,5,1,10,31,9,1,210,6,36,23,4,8,28,58,7,14,11,16,20,20,14,75,84,121,40,6,8,63,447,4,11,20,10,26,3,43,4,9,90,80,5,44,17,25,7,66,4,2,7,30,91,232,2,2,15,25,3,7,37,3,5,5,193,16,2,10,166,112,10,22,165,3,20,1,78,5,6
youtube,296,120,392,233,380,642,216,222,1086,337,81,568,269,544,414,877,505,685,271,312,409,217,179,182,813,246,218,575,514,129,241,133,51,97,227,279,400,501,125,255,470,311,216,239,139,280,349,92,241,388,333,240,234,848,242,187,267,340,244,763,1209,473,255,496,391,402,332,344,400,400,3065,331,655,81,166,214,328,203,300,144,193,414,121,161,88,393,464,194,203,979,397,326,261,267,84,936,112,341,220,388,167,253,320,165,150,175,499,191,199,425,246,146,476,287,110,246,440,711,201,208,241,198,250,149,188,71,249,799,274,400,233,414,455,69,222,175,607,88,368,1244,382,263,146,157,390,980,147,265,341,148,142,194,482,122,241,436,276,125,241,1162,763,356,321,649,698,107
insurance,12,38,579,15,21,74,88,21,81,10,32,37,81,23,68,5,95,32,23,51,42,17,1312,45,59,17,90,52,517,12,66,133,77,32,18,51,392,13,35,155,81,286,108,19,107,417,40,27,87,36,108,65,33,78,46,67,282,102,56,70,1,64,45,512,46,15,567,43,23,26,25,23904,120,21,45,102,93,33,168,53,4,25,18,77,42,24,9,51,67,178,34,610,22,92,827,165,85,12,308,23,37,15,26,114,53,281,120,225,57,244,29,112,28,176,24,45,47,8,37,134,88,450,28,59,80,134,15,65,60,251,59,1864,92,24,35,33,85,63,46,37,40,416,89,138,18,364,91,41,14,9,4,44,50,14,28,9,34,22,26,32,189,71,14,45,4,24
pharma,3,1,29,0,1,3,2,2,45,0,0,1,3,0,6,0,1,2,0,2,1,6,56,0,5,0,6,17,20,0,18,98,0,0,1,16,4,0,73,3,0,30,5,3,1,129,3,5,0,3,6,2,0,53,0,4,6,58,3,0,0,3,1,32,4,0,23,0,7,0,0,11,13118,1,1,8,4,0,41,8,208,2,0,0,1,0,0,1,24,1,0,12,0,2,4,52,0,0,3,0,0,4,1,0,0,9,33,28,7,31,3,1,5,22,0,1,103,0,1,9,15,36,9,0,2,9,9,2,2,0,1,772,11,5,1,3,17,2,12,5,1,4,0,0,1,1,1,58,0,0,0,1,1,0,2,0,1,5,2,0,1,2,0,5,0,0
toys,13,16,33,120,23,30,605,59,42,22,14,42,51,10,6,4,59,50,34,74,17,27,110,6,67,28,47,22,38,21,20,14,7,13,5,10,21,17,17,18,16,52,50,17,20,28,22,19,97,18,59,34,42,39,32,107,32,48,40,11,13,29,39,65,17,139,19,23,12,227,59,33,16,3929,9,25,41,37,101,135,19,162,15,13,134,41,25,23,26,61,27,19,123,23,12,91,55,14,81,12,24,48,25,18,15,19,112,49,25,30,26,63,14,37,13,77,17,10,28,22,45,9,35,77,27,279,15,61,30,51,44,38,39,40,71,9,46,24,24,31,72,27,21,13,27,23,26,27,49,64,38,186,38,6,15,30,28,27,22,39,83,405,34,51,19,41
gambling,2,1,30,3,2,4,4,2,22,10,7,34,35,2,1,2,7,5,8,3,3,1,83,5,29,15,8,14,12,5,3,58,58,3,5,2,4,3,2,10,5,21,7,3,5,0,9,1,29,2,17,10,15,17,13,3,25,3,7,3,1,16,2,44,12,12,0,6,3,5,6,5,0,4,3146,2,5,26,4,2,2,13,3,3,4,9,11,6,14,9,11,13,1,19,22,5,1,4,130,1,16,10,1,38,0,8,17,6,14,101,13,4,3,9,4,9,1,5,4,6,86,3,6,11,12,2,405,5,3,3,35,11,6,7,12,1,6,18,8,13,10,34,11,2,11,12,11,41,5,5,13,9,18,6,1,0,6,1,4,5,4,4,4,13,2,6
outdoors_hiking,21,21,8,13,9,7,26,185,10,14,12,6,36,3,17,1,16,30,13,6,272,1,18,1,19,2,9,7,2,22,6,6,2,0,0,2,9,20,14,13,38,5,9,19,12,17,9,15,8,24,11,7,14,11,15,40,9,9,13,33,30,14,28,13,16,3,1,5,6,4,36,7,6,3,4,12611,10,8,51,26,4,35,2,7,23,11,8,23,18,37,118,4,6,15,9,3,19,3,16,190,3,11,1,4,7,1,12,43,19,3,3,5,3,4,6,17,12,1,7,1,4,3,2,34,11,4,33,8,31,9,19,15,21,7,20,12,52,4,33,8,12,19,6,3,15,10,12,6,3,11,17,8,6,48,29,5,4,8,12,11,37,11,7,3,8,7
developer,24,1027,7,18,11,105,17,23,71,3,13,28,53,1,16,9,2,69,1,9,12,85,47,1,510,4,114,73,182,5,43,18,4,4,17,5,27,2,5,32,20,26,294,13,1800,30,850,2,6,18,54,26,18,111,2,3,24,90,188,7,2,27,39,65,44,911,8,7,791,68,17,13,153,14,18,20,812,0,45,2,9,37,0,25,3,2100,4,334,230,20,15,24,6,9,3,67,2,6,128,7,2,2,471,10,12,187,70,12,15,19,21,91,20,694,14,17,46,8,35,892,26,10,144,0,511,5,2,723,363,23,6,214,121,30,53,9,3,8,41,87,12,41,5,177,1,190,7,24,0,11,2,22,5,17,6,2,7,1,4,27,9,15,12,2086,10,7
basketball,13,3,40,21,21,176,53,13,47,30,19,29,27,47,21,3,88,90,39,77,6,30,72,77,45,5,27,28,19,79,55,72,403,73,25,7,67,37,12,46,16,58,24,43,15,78,4,21,96,20,58,62,59,48,104,72,188,28,10,7,8,885,36,95,172,101,9,23,1,15,58,74,12,52,1525,11,26,2524,18,82,14,47,24,27,17,16,68,21,63,12,33,13,31,2380,49,76,40,47,1236,28,232,58,22,69,46,22,56,46,57,19,42,24,50,32,17,46,11,18,13,11,81,15,6,197,14,12,163,79,26,49,108,61,109,45,51,11,66,170,36,56,50,49,144,17,69,58,328,45,171,17,44,30,98,51,34,18,36,29,27,45,107,64,109,52,5,22
sustainability_ecology,8,0,2,1,3,1,0,105,1,2,1,0,5,3,9,0,0,0,0,0,1,9,0,0,1,5,0,77,2,0,5,0,0,0,1,3,17,2,0,87,9,5,23,6,2,0,0,7,1,9,4,8,2,0,0,4,0,22,0,4,0,40,1,3,4,0,1,1,8,1,0,1,2,0,0,12,1,0,64,4,7,0,0,0,8,0,3,1,1,0,5,6,1,13,0,9,1,2,2,2,0,2,0,15,0,6,3,3,15,3,7,36,6,0,4,1,373,0,0,2,21,1,1,0,0,0,0,0,42,0,0,1,0,0,2,6,1,0,1,6,1,0,0,0,0,0,1,12,0,4,1,1,2,0,3,0,1,1,6,24,6,6,0,0,0,0
homeschool_school,690,110,967,516,488,2041,3703,552,464,314,322,615,336,484,285,229,662,484,359,909,454,1323,685,223,575,208,335,746,254,945,675,271,212,374,412,218,1517,869,358,445,404,1390,750,339,257,562,178,617,995,981,2131,841,500,425,472,945,1507,794,238,261,420,3740,838,2514,1450,271,761,475,84,470,803,409,377,383,342,353,305,841,812,5364,230,1045,718,468,610,210,468,211,513,393,377,1919,3093,4839,797,605,690,743,4911,493,560,654,189,1136,100,962,717,2476,476,1443,958,1856,393,735,609,466,725,367,591,200,723,1770,207,632,277,474,252,375,735,362,531,1105,520,756,706,232,572,502,437,594,476,521,443,373,440,428,1515,555,708,282,501,483,713,805,510,197,568,872,637,7765,1183,2917,328,190,235,555
chemistry,17,4,7,7,62,25,7,11,8,2,5,3,2,3,31,4,18,11,17,10,3,78,9,2,20,3,4,19,3,1,7,5,35,27,6,13,19,21,2,38,4,6,43,9,4,35,3,3,31,7,5,16,30,13,9,22,11,40,11,4,7,200,5,5,20,5,3,7,13,8,11,1,48,7,1,1,9,73,83,73,5908,8,1,5,7,6,1,7,9,5,3,0,3,85,1,12,40,8,20,2,15,12,3,2,1,3,8,19,31,31,90,10,7,16,5,125,172,6,2,7,9,13,15,11,6,3,3,8,13,3,18,26,8,10,17,6,11,15,15,3,11,1,9,2,5,0,12,77,10,9,5,13,12,5,7,16,11,7,4,78,5,4,1,2,9,5
anime,2,5,2,39,1,3,0,0,0,0,1,13,1,0,4,2,5,18,0,36,0,2,0,0,9,0,1,9,0,1,2,0,1,0,0,0,1,10,1,2,0,1,0,0,7,0,6,0,6,1,1,1,5,6,0,12,2,0,17,0,0,11,5,1,2,88,0,4,17,109,71,0,0,61,0,2,7,0,0,2,1,9575,0,1,3,3,1,9,2,5,0,0,9,1,0,4,6,6,6,0,0,1,19,2,1,0,2,0,4,0,4,6,4,4,5,5,0,37,3,0,1,0,6,1,9,0,1,35,6,5,6,1,5,1,5,1,0,0,7,3,12,0,0,0,2,0,1,2,6,0,9,147,4,0,0,40,11,1,5,0,0,1,2,9,1,11
rugby,53,11,1,3,13,12,3,6,19,33,6,11,26,2,1,2,100,11,0,36,15,5,12,53,24,9,37,10,28,143,30,14,10,4,0,10,7,8,109,13,4,13,1,78,13,22,14,2,12,9,61,24,15,19,15,6,50,12,24,69,4,146,10,9,8,13,8,27,3,5,7,22,4,7,54,16,4,17,6,2,6,2,14793,8,4,12,5,9,7,48,2,7,16,36,3,71,5,10,62,5,318,25,6,12,107,39,31,3,19,8,11,17,2,0,10,7,6,12,2,4,12,8,7,3,10,3,12,13,10,1,39,4,7,3,9,1,18,8,7,16,12,17,96,42,12,6,8,15,33,15,13,2,28,16,6,2,18,7,9,16,38,12,5,56,2,7
weather,190,120,251,127,1467,316,301,725,195,406,398,168,386,203,101,75,301,194,107,139,771,150,247,549,224,121,218,192,160,476,146,288,225,124,38,625,1086,273,992,1193,996,99,513,592,288,293,110,171,138,1047,269,261,324,216,981,284,352,143,216,1433,62,560,289,316,109,125,98,228,99,100,218,612,95,247,184,1070,217,226,557,340,84,130,627,13879,359,206,235,209,237,1242,738,114,129,435,117,181,343,172,1157,2278,289,219,165,59,1164,245,355,312,176,101,99,158,116,162,95,277,161,156,307,106,115,97,73,365,180,125,221,306,514,314,206,200,277,310,169,151,361,297,161,216,184,185,946,221,205,295,275,95,191,370,478,130,254,728,236,77,148,413,249,172,326,241,395,280,76,354
etsy_handmade,9,2,7,52,1,4,105,15,6,3,512,15,17,8,6,2,0,37,8,5,10,2,8,0,18,1,2,9,3,0,2,2,1,2,0,7,3,12,43,10,17,17,1,24,1,9,4,39,5,44,21,9,149,24,3,13,2,17,5,0,10,3,12,5,8,3,0,8,0,17,9,2,4,136,0,24,6,2,62,71,3,16,1,1,10211,4,9,5,7,2,5,28,27,5,1,18,11,4,9,4,1,12,5,3,7,12,15,12,5,2,1,81,6,5,4,16,3,5,9,2,4,1,15,14,4,34,1,13,9,2,6,3,29,45,47,8,12,0,19,13,4,5,2,22,9,4,1,6,2,14,87,6,2,4,58,1,8,60,12,3,22,81,23,7,31,130
flash,43,250,64,48,162,168,92,64,148,44,92,110,202,35,113,25,37,198,28,79,96,52,105,17,457,35,1018,76,90,17,43,251,26,53,13,45,42,156,37,72,50,97,36,102,332,42,1036,42,52,51,63,84,155,145,32,86,67,85,188,41,34,99,1092,99,118,238,50,65,576,311,82,45,66,201,33,111,358,41,70,77,76,114,53,1529,80,12262,68,248,124,78,41,41,61,74,24,177,133,105,114,53,23,62,434,27,84,59,95,32,48,29,47,56,58,70,37,52,60,38,73,221,58,43,504,54,160,55,55,507,133,1097,55,70,116,84,146,45,46,33,314,470,85,70,26,6,74,90,53,37,52,198,236,340,78,71,91,60,81,72,156,198,24,90,64,580,23,39
skateboarding,0,0,1,3,0,2,3,5,3,63,1,2,1,2,4,0,2,22,0,0,4,2,0,3,6,0,1,3,1,5,3,0,1,0,1,0,0,2,0,0,2,3,0,0,0,1,1,1,8,0,2,5,20,6,2,4,1,2,2,0,0,10,17,1,1,36,1,3,0,8,5,3,1,15,0,6,6,0,14,3,1,1,0,3,1,20,2061,0,5,2,0,0,2,1,0,11,1,1,4,31,0,5,1,5,0,1,4,3,1,0,0,16,3,2,0,2,1,4,0,0,1,0,8,2,3,0,2,11,1,4,6,1,2,5,4,1,3,2,2,13,5,0,1,0,4,1,2,1,3,3,11,5,6,1,2,1,2,0,4,3,6,3,0,5,0,1
python,18,214,13,28,20,11,1,43,31,0,4,11,1,5,9,6,4,8,0,0,11,24,1,6,34,0,37,20,10,8,30,14,0,2,0,6,2,1,1,11,1,6,6,6,336,0,52,5,16,4,4,11,28,14,0,10,13,10,196,5,3,1,4,12,6,4,4,12,449,24,6,2,4,21,0,14,110,0,8,2,9,14,4,3,5,123,0,6969,34,6,11,2,4,4,2,10,8,19,10,2,2,5,60,2,1,4,8,0,8,3,66,7,8,4,29,1,86,22,2,309,6,1,291,4,211,1,1,39,97,2,19,11,20,4,11,6,1,2,5,28,9,7,4,0,3,6,3,23,5,20,92,11,4,1,2,39,13,2,10,6,3,1,0,28,15,6
investor,2,3,33,5,2,11,1,4,63,2,5,0,75,0,15,0,1,20,2,4,3,16,553,2,103,6,32,4,155,0,44,424,1,5,1,1,24,0,2,46,1,10,260,9,6,14,3,1,3,2,37,4,8,33,2,5,68,75,3,0,0,20,6,44,18,9,9,1,3,7,1,74,220,0,21,0,18,3,193,9,24,5,1,2,9,5,2,5,741,2,6,22,3,5,10,17,4,17,53,2,4,5,11,5,14,28,74,3,12,8,3,7,3,26,0,6,10,2,1,8,8,0,7,0,14,3,5,17,2,28,0,35,119,2,19,3,2,6,1,10,9,131,4,41,1,632,8,11,3,5,10,1,1,0,2,13,8,4,2,3,13,0,6,46,1,2
motorcycle,2,9,14,12,3,26,11,9,7,7,12,18,62,2,6,1,22,57,3,7,4,32,18,2,27,3,12,11,5,8,21,8,7,4,3,0,13,1,24,11,6,15,22,9,12,23,10,4,38,15,20,12,26,12,54,18,36,29,10,7,16,10,27,51,13,14,2,6,3,7,22,223,2,26,15,29,16,9,39,7,6,11,5,8,394,16,27,9,11,8182,27,2,6,36,13,33,15,2,227,29,11,31,7,3,3,4,23,10,6,45,1,9,16,4,8,22,3,10,6,14,4,9,19,19,13,4,12,50,6,232,37,3,69,14,15,10,6,8,8,26,31,6,10,7,50,11,14,12,23,4,60,29,38,4,11,6,17,3,9,3,91,17,3,11,13,12
hunting,130,15,70,85,86,31,41,369,30,63,38,18,45,7,35,4,115,35,20,15,29,19,85,3,43,17,23,64,24,24,33,43,14,17,8,34,72,17,32,78,795,38,41,53,78,7,18,87,63,42,41,78,72,91,86,80,70,38,45,18,12,35,28,47,16,78,7,23,20,23,48,21,21,46,7,195,60,9,94,11,27,23,30,56,42,23,17,41,23,37,18253,7,10,34,14,33,73,14,142,28,20,25,17,16,9,22,42,18,17,22,37,24,31,596,19,36,64,9,69,16,18,12,61,19,29,9,21,44,49,47,40,8,54,50,44,21,17,28,29,34,33,34,23,10,26,140,22,34,6,11,41,41,30,25,15,33,49,41,36,21,70,18,14,26,3,33
poverty,16,3,422,1,8,17,46,45,12,1,6,4,11,7,38,5,3,6,45,22,3,15,144,1,20,35,6,177,21,7,25,13,1,3,77,19,294,6,4,198,4,700,91,18,7,44,6,12,24,32,901,46,28,17,0,15,124,212,8,2,0,109,17,17,81,2,17,28,2,3,14,15,25,9,2,5,4,3,242,33,6,5,4,1,13,5,8,6,34,6,8,7044,240,48,89,16,11,7,87,0,8,38,1,266,0,9,23,33,86,75,17,34,61,20,17,9,27,3,16,4,391,36,14,11,6,22,7,1,111,8,11,43,53,25,31,64,9,4,9,77,13,29,5,906,9,28,58,16,19,1,10,6,91,12,32,4,17,13,30,108,17,213,6,7,4,1
literacy,8,1,9,3,15,40,145,21,10,1,2,3,3,1,9,0,1,10,4,6,2,9,68,1,30,1,1,55,63,1,19,3,0,0,42,8,53,0,0,26,0,74,12,26,1,10,5,0,7,3,194,32,4,8,5,39,24,50,7,1,0,70,1,17,33,1,13,1,0,5,1,27,81,7,1,3,8,12,48,52,3,5,8,4,2,2,0,4,8,2,1,126,9167,20,20,16,76,2,30,0,1,7,2,47,1,1,14,23,12,66,22,7,17,7,118,2,22,5,16,5,52,73,1,5,5,11,2,15,42,10,4,187,14,4,108,4,5,3,63,15,6,248,0,8,4,9,33,25,6,1,1,12,11,2,41,2,5,3,21,771,34,210,2,12,0,0
college,278,33,602,79,129,7353,598,159,255,79,85,145,186,231,99,119,195,184,136,219,100,803,1351,176,302,47,125,465,201,378,285,273,731,394,149,81,626,328,45,243,410,447,334,118,70,223,44,179,238,176,637,412,239,271,166,233,693,383,108,193,117,1860,126,497,393,147,131,211,49,140,191,278,243,61,3043,150,133,1368,473,846,134,175,256,216,59,70,67,128,267,56,161,498,539,19747,733,264,284,169,1624,275,427,148,63,601,38,429,605,254,325,758,527,451,114,2531,171,458,350,85,197,105,714,722,64,222,93,106,184,156,335,211,231,315,452,189,354,103,176,963,217,358,150,636,455,81,130,185,606,233,196,175,155,185,315,256,102,59,160,147,164,1207,487,208,208,138,72,90
democrat,5,3,232,1,1,17,23,6,3,0,0,4,1,31,4,2,7,2,4,31,0,1,17,0,2,6,6,7,6,19,1,11,3,1,13,11,20,16,3,17,74,36,66,17,6,4,3,15,11,12,9,33,7,3,0,5,262,5,3,2,2,2,1,20,18,0,11,5,1,0,2,14,3,1,11,31,6,0,8,30,2,1,0,0,1,0,3,2,5,3,56,11,3,5,132,1,8,0,70,0,0,3,3,31,1,20,5,5,22,13,7,2,3,17,7,8,7,2,7,2,8,52,1,1,1,4,1,8,4,5,5,13,8,5,4,4,1,1,2,4,1,23,4,22,1,25,55,6,3,3,2,3,59,0,13,0,2,1,4,10,12,15,0,2,0,2
advertising,29,25,149,38,18,159,91,21,982,10,162,45,241,8,63,13,18,94,19,58,13,28,176,10,211,19,36,57,211,18,107,54,8,11,61,26,46,17,28,45,65,95,127,60,54,28,71,54,60,49,74,51,64,756,12,52,62,216,47,50,21,84,255,513,49,50,63,37,25,56,25,233,310,12,181,40,82,11,166,110,17,52,24,13,114,84,24,41,230,91,41,14,39,44,10,3942,80,51,127,32,28,18,63,53,49,114,726,92,56,105,21,67,41,307,33,68,35,36,39,71,99,36,26,9,51,34,15,91,72,297,59,111,360,49,96,16,36,15,76,148,59,64,13,48,11,281,83,78,13,44,63,35,30,26,25,15,68,39,40,38,50,178,43,1229,16,44
romance,12,1,10,69,9,9,37,20,11,8,182,53,141,23,30,27,15,50,641,79,9,5,32,5,19,4,8,13,5,6,21,2,12,2,12,248,6,28,3,6,10,11,4,25,6,17,5,10,40,20,18,46,177,19,2,306,52,25,9,6,15,20,14,17,22,47,3,11,0,15,39,53,6,4,7,21,7,2,13,19,10,137,5,5,106,4,5,3,7,8,8,5,37,16,0,20,5933,46,61,19,7,25,4,29,14,3,19,21,22,72,14,15,25,56,67,334,17,89,15,1,23,12,7,35,11,38,8,16,11,12,20,9,28,24,553,10,22,4,324,16,20,8,2,6,35,10,13,29,6,10,76,57,42,7,24,348,88,16,85,9,27,20,18,9,48,25
theatre_theater,41,31,72,424,23,48,44,32,30,59,40,480,45,209,22,30,62,107,32,80,55,41,56,17,188,4,74,44,25,16,21,12,3,8,14,18,25,555,23,18,18,35,16,24,35,33,24,73,48,20,55,130,88,38,16,131,76,90,40,6,241,171,44,50,159,251,5,162,16,162,77,7,22,28,18,20,58,29,33,62,15,176,0,16,34,60,59,39,62,34,6,16,30,198,17,74,93,3414,201,54,18,176,31,48,15,18,77,27,55,18,5,165,298,17,23,39,29,523,24,18,34,12,20,67,41,8,39,56,31,28,380,38,55,100,94,25,22,29,27,59,399,37,10,0,157,17,49,25,140,71,42,60,341,6,51,223,208,76,42,25,75,40,42,15,186,43
newspaper,104,27,135,11,43,96,51,30,112,63,27,50,22,44,48,7,32,49,29,52,16,12,111,36,107,19,18,72,72,21,44,26,12,23,100,145,174,20,44,125,23,128,54,75,12,408,22,28,95,176,65,267,36,86,19,62,185,97,27,27,5,98,91,161,126,15,17,30,25,28,16,37,49,14,27,57,97,12,81,41,16,22,18,22,31,23,19,36,41,29,52,104,128,114,22,225,30,22,361,13,78,14,19,203,17,153,485,15,59,114,96,75,43,40,67,17,43,17,616,292,59,21,45,10,94,13,52,101,39,46,150,145,82,82,144,24,17,40,92,666,35,36,21,43,21,38,201,47,14,26,48,81,29,26,16,16,32,28,49,244,43,51,12,94,7,31
skiing,2,34,2,6,7,8,36,40,7,13,5,7,58,6,3,3,4,6,4,6,423,4,11,8,36,0,12,31,9,43,5,24,0,4,0,3,1,17,51,15,36,1,7,26,12,7,19,2,10,11,7,9,19,12,43,4,17,5,7,46,1,15,19,33,10,10,4,8,1,9,7,15,5,1,7,317,11,3,26,17,15,4,27,40,6,14,25,16,64,42,59,1,4,21,2,5,23,2,32,6572,14,10,3,8,28,18,28,34,4,3,2,28,3,5,7,7,6,52,6,17,6,2,4,40,20,1,26,13,20,16,9,10,34,11,8,4,29,8,22,17,12,12,32,0,10,20,9,13,4,44,17,4,8,40,4,2,3,12,2,5,19,8,4,7,1,6
sport_football,51,51,129,64,61,342,174,65,142,111,85,107,148,54,43,25,431,87,82,150,40,108,267,432,136,39,140,143,100,241,135,174,12878,163,77,103,151,81,114,65,128,135,87,173,75,102,93,51,268,90,274,230,158,171,288,134,452,116,48,57,32,718,104,315,121,559,77,89,12,37,158,177,69,62,3249,67,139,539,113,140,48,62,332,148,48,101,53,61,203,110,147,85,71,3982,75,290,117,97,1559,82,4919,247,97,178,82,139,169,83,162,124,107,135,72,67,82,150,52,48,69,35,178,24,34,266,68,15,451,203,99,182,417,120,186,145,110,16,168,466,80,168,155,131,429,135,195,119,393,275,242,195,92,141,492,131,63,39,116,135,63,118,273,158,294,159,34,132
tvshows_drama_actor_hollywood,28,15,98,442,43,44,86,24,83,84,185,244,192,128,36,15,209,274,51,233,24,37,161,25,170,15,32,52,18,42,66,41,19,35,37,57,27,304,17,42,13,106,31,213,34,35,44,133,165,29,63,100,469,106,103,139,258,44,53,17,151,65,164,104,154,107,34,34,17,370,223,15,19,82,155,55,50,71,46,34,30,149,29,19,79,40,294,32,84,63,32,94,20,54,13,154,110,170,205,39,54,420,24,105,22,26,91,65,41,32,26,103,303,39,37,152,25,3840,27,21,76,27,83,410,37,131,246,92,40,104,357,23,107,247,231,22,116,50,76,109,625,31,28,7,241,143,94,23,259,39,455,184,309,35,64,955,1221,62,30,31,106,140,124,37,174,65
mac_iphone,126,639,163,204,296,855,378,405,987,256,259,743,446,227,242,114,241,1982,98,247,279,309,882,122,4423,85,481,433,1522,201,378,429,75,96,86,106,216,179,254,187,187,142,228,509,735,152,789,243,453,248,193,192,278,1172,169,284,288,619,647,208,140,219,2240,1372,741,855,130,250,432,518,677,531,588,408,150,720,2893,140,527,280,102,542,228,189,187,1405,437,698,1429,502,260,69,106,190,32,1029,185,139,232,295,158,326,15970,143,340,331,789,253,317,517,200,365,212,360,129,308,257,176,357,342,305,337,842,285,1022,121,331,21172,619,471,408,810,1272,421,591,205,307,159,514,1318,481,541,191,41,193,1055,441,201,216,300,377,414,704,597,327,200,280,251,224,664,81,232,336,7584,335,222
religion,66,16,418,25,29,35,50,14,18,3,2,35,9,18,162,5,49,19,50,104,8,7,30,5,24,28,35,197,11,4,17,33,14,3,689,71,10,12,4,37,14,89,20,7,33,18,21,29,79,6,25,181,50,28,3,80,116,21,49,4,9,135,10,52,282,20,4,33,9,9,31,10,16,9,2,16,72,5,51,60,9,27,9,1,21,16,16,26,24,5,20,16,8,67,20,18,41,25,58,4,12,13,8,5363,5,4,16,3,562,187,68,9,32,34,20,54,140,7,20,29,387,9,26,8,31,15,16,11,29,2,57,19,29,14,73,390,11,13,69,16,23,5,13,4,27,19,43,64,45,5,19,41,34,6,92,16,22,6,47,25,35,3,2,11,12,8
airlines_aviation,19,2,6,2,123,17,2,18,2,0,8,6,62,0,0,1,2,6,0,1,1,82,30,1,6,10,14,7,6,0,15,3,0,6,2,4,17,0,3,154,1,8,92,5,8,1,1,3,9,0,5,64,6,10,4,9,38,5,1,6,0,19,31,58,13,2,0,2,5,1,0,165,1,5,7,9,5,4,75,5,18,2,1,33,0,5,1,2,7,5,5,2,2,15,48,4,3,0,51,2,0,6,5,6,1949,21,19,1,3,2,3,31,4,12,4,0,3,1,13,9,0,14,2,1,5,0,20,9,29,16,6,16,9,61,4,3,0,1,5,4,8,10,1,3,0,2,16,5,0,0,3,3,2,1,0,1,0,7,2,3,593,5,2,2,0,1
construction,187,30,63,20,77,61,28,68,21,23,19,29,174,43,21,9,13,35,2,19,42,438,179,11,58,88,31,110,35,23,124,134,11,14,39,14,98,12,23,109,65,85,779,31,37,18,17,20,24,54,78,178,32,35,60,31,114,71,36,87,9,242,37,172,121,24,12,25,9,34,27,241,26,101,15,75,28,15,285,66,133,25,4,41,29,44,77,18,79,63,21,48,35,96,141,27,41,66,383,78,37,14,18,41,31,16454,58,16,56,24,68,1089,18,55,85,22,37,12,34,31,128,21,21,11,36,6,11,36,72,72,28,28,50,18,42,17,10,18,26,34,21,132,26,705,22,530,55,28,7,71,28,24,32,14,18,9,27,41,39,26,163,75,46,17,32,23
publicrelations,0,0,0,0,0,0,0,0,0,0,0,0,0,0,0,0,0,0,0,0,0,0,0,0,0,0,0,0,0,0,0,0,0,0,0,0,0,0,0,0,0,0,0,0,0,0,0,0,0,0,0,0,0,0,0,0,0,0,0,0,0,0,0,0,0,0,0,0,0,0,0,0,0,0,0,0,0,0,0,0,0,0,0,0,0,0,0,0,0,0,0,0,0,0,0,0,0,0,0,0,0,0,0,0,0,0,4,0,0,0,0,0,0,0,0,0,0,0,0,0,0,0,0,0,0,0,0,0,0,0,0,0,0,0,0,0,0,0,0,0,0,0,0,0,0,0,0,0,0,0,0,0,0,0,0,0,1,0,0,0,2,0,0,0,0,0
nutrition,7,0,18,2,11,10,129,14,21,9,7,3,32,5,37,3,27,6,48,45,18,7,21,7,24,2,3,32,5,138,16,5,0,10,10,6,695,45,68,24,2,147,6,14,5,183,0,403,9,85,148,4,14,12,6,22,23,34,4,2,5,67,1,13,108,4,51,1,3,1,10,16,150,2,14,44,5,14,82,60,36,4,44,1,11,4,3,4,7,7,15,529,32,54,56,14,4,1,15,5,9,10,1,9,0,3,43,5666,123,59,9,7,46,10,2,9,51,0,8,0,8,241,5,16,5,297,4,7,10,2,0,221,19,112,7,8,1199,4,13,29,3,6,9,3,2,6,6,47,0,19,11,3,11,461,95,1,7,178,3,52,71,382,148,6,0,29
philosophy,28,16,41,8,25,46,44,17,27,7,19,11,17,9,76,5,5,21,19,11,17,21,29,13,17,7,10,93,12,10,42,37,15,20,19,41,14,11,8,29,15,28,15,26,20,5,30,23,37,14,18,96,44,29,4,21,17,92,28,3,4,175,16,21,28,10,15,34,11,8,12,6,16,4,9,17,22,9,33,40,18,24,1,5,19,21,2,42,26,8,4,22,17,68,8,39,14,17,16,1,45,12,14,98,6,15,39,29,5811,92,126,47,21,22,67,30,32,3,13,28,128,17,12,8,35,21,9,15,43,24,15,42,47,17,69,93,52,22,45,19,21,13,8,4,8,27,16,148,6,12,55,25,7,47,117,3,76,35,44,56,16,6,6,18,2,9
psychology_mentalhealth,0,0,0,0,0,1,4,0,0,0,0,0,0,0,0,0,0,0,7,0,0,0,0,0,0,0,0,0,0,0,0,0,0,0,0,0,0,0,0,0,0,0,0,0,0,0,0,0,0,0,0,0,0,0,0,0,0,0,0,0,0,0,0,0,0,0,0,0,0,0,0,0,0,0,0,0,0,0,0,0,0,0,0,0,0,0,0,0,0,0,0,0,0,0,0,0,0,0,0,0,0,0,0,0,0,0,0,0,0,36,0,0,0,0,0,0,0,0,0,0,0,0,0,0,0,0,0,0,0,0,0,0,0,0,0,0,0,0,0,0,0,0,0,0,0,0,0,3,0,0,0,0,0,0,0,0,0,0,0,0,2,0,0,0,0,0
mathematics,7,6,6,2,22,11,2,1,7,3,0,6,0,0,3,2,1,1,1,0,2,60,6,0,6,1,2,10,3,0,12,3,2,0,3,8,5,0,2,8,2,2,6,0,10,3,4,1,14,2,12,16,5,4,1,6,1,30,4,0,0,79,4,3,3,1,3,5,0,1,3,0,9,0,5,3,4,0,8,28,14,2,0,2,0,12,0,12,6,1,1,5,14,43,5,0,2,11,4,0,1,0,2,1,0,7,2,0,99,18,2874,17,10,5,12,2,31,0,5,69,11,3,12,0,1,2,0,14,18,2,2,9,7,1,8,6,2,0,6,2,9,0,0,1,0,3,1,27,5,0,1,21,0,0,2,2,1,0,23,88,11,7,0,2,0,1
architecture,97,194,8,4,12,43,7,19,22,7,16,7,92,7,17,3,5,79,0,1,4,93,33,4,33,2,390,64,51,4,94,5,0,0,18,12,5,26,1,37,2,12,55,16,130,15,103,4,8,65,18,99,139,71,6,7,7,156,21,2,0,244,135,20,45,14,3,18,104,18,8,35,17,15,4,10,144,3,149,9,34,18,3,1,12,89,7,62,43,1,6,3,19,39,5,52,5,46,22,2,6,7,16,60,10,535,28,2,75,32,44,8780,42,20,13,0,66,52,12,263,27,4,29,8,69,1,1,39,292,12,5,39,38,12,27,10,3,1,31,19,7,8,6,90,17,63,4,88,0,1,38,16,49,1,6,14,11,9,24,16,6,6,3,28,2,2
documentary,86,7,109,217,73,60,95,150,40,69,21,81,34,160,109,31,93,238,44,207,110,75,48,27,112,69,17,289,26,47,20,37,17,34,105,17,65,135,66,143,41,369,85,105,12,72,30,178,30,42,219,203,272,81,45,65,155,156,49,66,79,183,296,70,225,62,11,108,12,173,241,22,20,92,31,90,36,103,242,45,25,87,45,15,24,53,174,22,33,80,29,195,67,173,38,169,37,182,123,96,89,144,35,136,18,24,63,83,81,126,73,190,10638,16,54,45,62,1245,62,15,199,19,66,26,28,33,64,65,114,71,182,55,60,70,136,165,35,36,36,685,285,6,27,41,123,15,83,110,94,86,128,145,153,63,61,412,269,57,89,88,166,108,38,23,115,25
career_employment,27,8,132,7,3,167,20,16,30,0,4,3,60,4,15,1,1,6,27,57,1,77,323,2,22,6,13,22,37,0,140,292,1,9,11,23,131,5,2,28,7,90,62,3,16,40,17,10,9,8,138,27,4,105,3,8,83,83,12,5,2,111,14,705,26,6,39,8,7,21,1,136,40,1,51,7,15,7,49,18,20,8,3,3,2,5,1,11,35,3,13,324,99,58,82,21,5,8,80,6,14,0,6,33,27,486,94,11,13,74,11,23,7,1171,15,6,10,1,22,13,90,106,11,1,21,4,2,4,35,20,7,172,71,2,7,3,7,8,9,12,5,177,5,249,2,140,24,17,3,11,24,4,31,2,6,3,9,4,7,33,355,35,21,4,1,4
linguistics,9,0,1,2,1,4,0,0,1,0,0,4,0,0,0,0,0,1,0,0,1,2,0,1,3,0,0,43,0,0,2,0,0,0,1,0,0,0,0,1,0,0,0,1,0,0,1,1,0,4,0,7,2,5,1,2,0,1,2,0,0,29,0,3,1,1,0,0,0,0,4,0,0,0,0,0,1,0,1,1,1,1,0,0,0,1,1,6,0,0,0,0,1,5,0,1,3,0,0,0,1,0,0,0,0,0,2,0,23,4,4,3,0,1,1022,1,3,0,2,3,4,0,0,0,1,2,0,0,4,0,2,2,1,1,3,1,0,0,2,1,0,0,0,0,0,0,0,15,0,2,2,2,0,0,0,0,1,0,2,29,0,0,0,0,0,1
dating,293,4,32,35,13,45,153,14,61,14,42,16,19,8,28,7,31,103,844,1401,17,13,81,44,93,5,19,71,19,9,31,61,37,54,49,374,18,40,6,22,11,121,7,32,25,40,13,168,272,21,43,76,293,62,10,66,129,98,22,8,6,47,17,61,201,28,10,38,8,38,106,24,19,7,41,13,31,34,25,21,25,110,22,26,19,14,8,26,79,15,18,24,17,89,6,107,147,29,93,26,40,39,12,55,5,20,73,35,47,288,19,15,26,100,35,19455,30,62,108,7,59,29,27,130,24,25,22,29,37,31,135,66,64,53,100,11,87,94,55,34,43,25,37,5,17,27,44,60,37,19,98,65,97,20,70,34,59,34,14,38,47,46,24,61,16,22
biology,8,2,16,6,46,14,24,55,7,1,0,1,0,0,11,0,4,3,5,7,4,72,2,0,5,1,3,108,1,3,9,2,0,1,3,7,45,0,0,34,6,8,11,3,4,111,6,2,11,18,6,21,4,4,0,8,6,34,12,4,0,124,1,9,6,2,8,4,5,0,12,1,70,0,0,6,7,5,29,61,326,10,0,2,17,2,2,22,3,2,14,2,2,101,5,2,5,1,12,2,3,5,4,10,0,2,4,11,78,59,54,7,22,7,23,11,4348,3,8,4,24,16,6,2,3,10,1,5,23,1,8,27,11,0,7,14,9,0,5,7,6,0,0,0,0,1,3,231,3,1,3,12,4,5,6,1,10,2,6,71,0,5,1,4,0,3
filmfestival,0,0,0,0,0,0,0,0,0,0,0,0,0,0,0,0,0,1,0,0,0,0,0,0,0,2,0,3,0,0,0,0,0,0,0,0,0,0,0,0,0,0,0,0,0,0,0,0,0,0,0,0,0,0,0,0,0,0,0,0,0,0,0,0,1,0,0,2,0,2,0,0,0,0,0,0,0,0,0,0,0,1,0,0,2,1,0,0,0,0,0,0,0,0,0,0,0,0,0,0,0,0,0,0,0,0,0,0,1,0,0,0,7,0,0,0,0,25,0,0,0,0,0,0,0,0,0,0,0,0,0,0,0,0,0,2,0,0,0,0,1,0,0,0,0,0,0,0,0,0,0,0,1,0,0,0,0,1,0,0,0,0,0,0,0,0
genealogy,10,0,0,0,0,4,5,1,1,0,4,0,1,0,0,0,0,11,4,1,1,0,1,0,1,1,0,22,0,0,1,1,0,1,0,0,1,1,0,0,0,1,1,1,3,2,0,0,1,0,0,62,2,0,2,2,0,4,0,0,0,6,1,1,5,1,2,1,4,0,0,1,0,1,0,2,7,1,0,4,0,0,0,0,0,0,0,1,2,1,0,1,6,1,0,0,4,0,5,0,0,0,2,7,2,0,3,0,11,1,23,1,4,1,5,0,11,0,16413,0,6,0,0,2,5,3,0,5,4,0,4,0,1,0,3,0,0,0,0,2,1,1,0,0,0,1,0,1,0,0,0,0,1,0,0,0,0,1,3,5,0,0,0,1,0,0
database,153,215,25,19,43,82,7,51,62,0,17,6,18,11,7,6,1,41,7,12,13,70,53,1,163,17,203,66,64,3,46,23,29,5,3,20,166,6,7,49,17,79,73,51,541,93,121,19,7,63,77,119,9,33,3,15,23,44,164,9,3,50,18,81,41,31,18,12,290,22,6,51,81,8,33,30,229,1,82,25,94,46,2,18,4,71,3,324,71,10,7,41,39,45,12,27,28,24,53,6,4,2,97,19,8,52,59,69,18,103,29,49,24,96,66,10,274,7,435,4055,51,64,357,2,177,14,1,66,180,10,2,214,56,21,62,26,23,41,46,55,5,51,2,24,1,55,16,70,0,33,5,23,11,22,6,9,20,14,59,71,35,71,7,149,16,9
sociology,2,0,3,1,2,14,2,0,17,0,0,4,0,0,2,0,0,3,1,2,0,2,1,1,0,0,0,133,1,0,2,1,0,2,4,3,5,2,1,9,0,0,1,0,0,1,0,1,0,1,7,4,2,2,0,2,1,4,2,0,0,74,0,3,2,1,0,1,2,0,1,0,2,1,0,0,0,3,3,4,1,4,0,0,0,0,0,2,0,1,0,7,0,46,0,2,1,0,5,0,0,2,1,27,0,1,6,3,22,16,2,8,1,0,5,8,9,0,0,3,3841,6,2,2,4,0,0,2,11,0,1,9,2,1,5,1,0,5,3,4,2,1,1,2,0,1,1,19,1,0,2,2,2,0,1,0,1,3,0,10,0,2,0,1,0,0
nursing,6,1,25,26,3,58,210,7,14,5,16,10,1,5,38,2,11,6,6,17,10,5,25,8,10,4,0,20,4,8,24,11,37,8,4,18,14,4,5,8,4,37,4,12,9,160,4,10,33,12,52,16,7,6,1,12,36,32,8,3,1,196,7,47,14,2,36,3,0,5,3,44,72,1,1,15,6,6,12,76,3,2,5,11,37,1,3,5,13,10,6,18,9,198,30,9,17,2,113,2,10,9,3,15,1,18,30,51,3,172,6,16,6,57,7,15,26,1,19,6,16,15098,0,19,4,1288,21,7,8,2,19,443,12,7,6,30,33,6,12,12,7,12,3,15,6,27,13,28,4,6,11,6,18,15,21,2,15,18,39,7,64,67,7,1,1,15
hacking,10,207,140,11,26,44,19,6,57,6,4,8,8,6,5,3,6,26,5,7,10,46,165,1,195,14,35,84,55,4,21,18,6,4,16,16,16,2,28,24,0,57,23,7,211,8,128,4,8,14,19,19,28,56,4,30,236,54,412,10,1,31,22,108,12,49,3,26,135,12,15,36,33,6,10,9,87,6,50,3,5,27,10,4,12,109,1,270,75,31,2,4,1,7,3,96,18,21,249,0,20,18,83,26,1,6,48,4,43,4,46,15,30,14,12,15,37,3,5,78,44,4,1694,6,304,5,10,74,75,8,62,49,52,13,42,27,5,8,15,52,10,11,5,38,16,6,105,23,5,0,8,20,21,2,7,27,12,5,12,27,11,4,3,68,1,11
realitytv,0,0,1,0,2,0,1,0,0,0,0,0,0,0,0,0,0,0,0,0,0,0,0,0,0,0,0,0,0,0,0,0,0,0,0,0,0,1,0,0,0,0,0,0,0,0,0,1,0,0,0,0,1,0,1,0,0,0,0,0,0,0,0,0,0,0,0,0,0,0,0,0,0,0,0,0,0,0,0,0,0,0,0,0,0,0,0,0,1,0,0,0,0,0,0,0,0,0,0,0,0,1,0,0,0,0,1,0,0,0,0,0,0,0,0,0,0,0,0,1,0,0,0,1,0,0,1,0,0,0,0,0,0,0,0,0,0,0,0,0,0,0,0,0,0,0,0,0,0,0,0,0,0,0,0,0,0,0,0,0,1,0,0,0,0,0
ruby,2,335,6,15,14,27,24,22,4,1,54,6,69,30,8,4,21,36,2,12,13,14,7,2,16,1,19,19,18,11,100,20,2,1,1,12,10,9,6,3,8,20,28,67,248,7,156,51,4,31,11,34,41,9,24,78,8,19,246,0,12,10,13,12,7,5,4,10,133,8,11,6,4,15,36,15,512,2,5,6,5,5,7,6,216,114,38,325,59,12,3,6,35,8,1,12,58,78,23,28,17,7,33,4,4,18,11,43,20,23,26,0,12,17,8,6,18,12,34,462,2,2,156,13,7543,7,3,68,28,6,14,8,51,29,16,2,60,3,16,34,11,7,3,2,11,18,1,5,11,22,136,10,14,6,14,7,6,32,22,5,5,17,27,28,10,24
pregnancy,4,2,52,8,6,16,737,11,11,5,25,3,1,2,10,5,5,35,50,46,6,4,19,5,13,0,4,33,2,4,14,2,1,1,3,11,32,5,5,5,0,225,9,4,5,142,7,161,98,8,93,11,90,8,12,20,67,17,5,1,0,33,12,33,8,2,72,5,0,8,16,18,92,2,5,6,8,0,20,70,18,13,1,0,17,1,1,4,8,4,6,57,16,7,7,20,42,5,62,0,3,31,6,92,0,1,49,282,12,205,2,8,8,43,6,36,46,46,2,4,47,201,4,58,1,8782,2,9,9,2,25,201,13,29,33,5,223,2,14,4,5,6,2,6,18,7,9,40,4,2,55,15,34,33,92,11,20,21,4,11,20,170,2,8,2,11
poker,6,17,10,14,7,10,6,7,36,9,13,61,50,13,9,9,28,29,7,18,26,6,60,33,31,4,13,10,13,15,19,121,25,78,2,9,2,27,5,4,9,8,9,11,17,10,9,15,43,22,30,11,20,21,48,32,33,186,9,34,1,13,13,61,24,90,8,19,10,7,14,5,2,10,12842,7,113,34,5,3,1,18,25,4,17,29,44,28,29,94,28,1,2,6,18,14,9,8,29,18,27,65,42,6,0,4,16,3,26,29,29,4,18,23,23,22,7,9,1,12,17,1,23,27,28,2,11915,68,8,11,76,2,54,15,29,7,8,48,10,12,45,29,24,6,9,21,13,10,11,15,10,30,26,4,7,9,21,13,9,4,14,8,8,29,6,26
ipad,88,441,94,84,134,666,399,103,843,67,192,430,578,64,41,160,60,1465,70,86,52,192,1065,78,4735,78,712,203,969,80,327,598,48,50,46,36,216,83,107,167,50,30,172,217,476,158,602,76,212,117,151,172,390,927,84,322,460,697,415,125,67,160,1253,1328,292,637,211,168,266,342,161,304,646,266,105,286,2155,54,305,371,127,386,119,89,152,1190,114,468,823,108,85,36,324,157,3,899,261,40,620,131,74,144,11044,97,184,220,565,51,217,496,218,390,219,226,111,130,180,50,386,286,346,272,349,91,608,45,169,25655,267,280,157,931,867,328,1435,122,145,86,568,1028,329,547,117,33,55,628,635,176,66,49,280,624,398,86,131,166,281,267,205,1905,60,182,146,2910,256,161
geography,22,3,10,3,7,14,16,16,6,2,2,3,8,1,3,0,4,10,3,5,1,8,8,1,7,4,1,47,9,2,10,5,0,1,3,4,13,6,2,8,2,16,7,13,5,5,4,2,14,4,10,49,17,12,1,11,21,67,9,0,1,66,1,9,20,5,1,1,0,3,3,4,14,4,1,9,0,3,23,332,3,6,6,6,2,1,3,5,10,3,0,21,27,29,7,24,7,7,9,2,5,2,3,11,1,5,6,3,10,10,13,42,2,32,12,2,20,1,59,4,38,4,1,4,7,2,5,7,3442,3,5,13,6,6,61,6,0,9,10,6,4,3,8,7,3,3,7,3,1,3,1,6,3,0,2,1,4,10,6,98,9,4,1,8,0,2
automotive,0,3,4,0,5,8,0,1,24,1,2,1,6,0,5,0,1,7,0,1,3,134,19,0,19,2,3,3,9,2,14,14,0,5,1,5,8,0,1,14,6,1,92,1,4,1,3,1,1,1,13,2,10,19,18,3,5,36,2,0,0,27,36,5,2,2,0,0,47,7,1,48,3,0,20,5,4,3,34,1,45,2,0,3,1,4,2,0,11,20,1,1,1,1,8,57,0,0,26,2,2,0,4,2,0,8,24,0,1,3,5,11,2,33,1,4,0,8,0,9,0,2,6,1,2,0,1,10,5,3573,1,3,16,9,0,1,4,1,4,5,0,11,5,3,1,7,1,0,7,1,1,1,4,3,2,0,11,1,0,6,5,3,0,39,3,1
comedy_funny,92,240,482,559,194,327,752,254,536,487,306,564,139,163,181,126,737,284,303,408,247,45,257,429,408,57,376,309,211,375,260,562,242,355,122,182,212,480,306,143,177,143,114,371,407,143,259,243,1476,356,137,186,267,495,592,590,209,263,295,125,148,86,352,400,377,226,158,320,79,549,936,170,137,317,225,211,491,576,204,364,89,387,497,131,622,396,397,336,425,489,337,97,282,171,38,678,557,658,100,232,675,976,253,134,82,123,496,206,265,196,167,138,191,403,251,786,197,219,240,219,192,190,204,1039,365,254,479,283,144,220,1625,256,501,417,516,164,351,465,475,240,789,175,401,59,462,228,358,195,705,192,309,491,475,312,297,249,652,326,221,241,554,367,175,135,120,279
healthcare_medicine,53,11,40,16,10,44,105,55,22,13,9,39,9,9,143,9,57,16,30,14,18,82,53,5,32,6,15,147,13,11,28,17,10,16,43,137,47,37,16,26,2,53,23,8,12,484,10,102,67,73,89,144,44,29,19,42,41,92,20,7,3,312,7,49,63,8,97,53,13,3,24,40,996,15,10,140,18,8,58,36,207,13,18,34,14,13,10,9,38,15,26,42,42,225,15,13,22,17,91,7,13,32,3,39,0,19,66,295,76,267,52,30,27,27,16,40,644,8,14,23,29,481,11,29,13,220,15,19,18,4,33,2261,21,34,31,137,217,14,27,20,16,18,19,1,19,11,13,278,26,6,16,24,37,51,148,2,20,34,33,59,214,131,10,15,3,27
ceo,24,114,327,15,79,206,80,105,783,107,66,21,1091,33,26,4,17,286,26,66,62,265,2053,83,1356,134,1077,81,1172,41,755,631,21,58,76,35,396,8,70,382,54,408,1347,134,100,305,63,70,48,31,1052,71,76,627,117,66,388,898,47,149,8,258,104,304,234,232,79,24,262,86,25,1282,2014,32,123,58,188,57,907,143,264,61,89,13,27,139,31,49,1166,133,110,580,255,206,137,1246,31,14,458,116,59,25,345,158,736,434,740,105,66,160,26,135,90,742,27,87,85,44,98,324,86,204,134,30,71,26,89,421,81,1280,37,1043,1621,67,415,41,91,55,118,206,62,563,86,396,17,458,320,55,77,106,261,53,94,97,57,103,69,44,22,100,84,263,176,1234,107,39
food_chef,11,65,19,25,19,33,117,45,28,14,94,28,1435,54,24,14,37,73,12,61,15,5,41,22,53,40,25,35,30,69,40,16,4,25,4,30,276,19,59,13,44,26,44,613,33,78,14,819,19,192,30,36,174,57,39,55,79,36,46,43,6,71,25,67,273,23,5,37,13,15,30,28,32,60,72,48,30,40,80,36,3,50,33,19,30,19,21,111,17,23,40,97,23,46,9,45,78,35,153,90,40,55,29,20,84,11,232,468,36,30,8,30,47,49,8,126,6,58,20,37,17,13,4,97,145,26,49,50,16,106,80,178,48,4773,109,17,203,43,28,30,44,28,31,13,46,17,36,8,89,422,72,43,70,59,37,27,37,3406,26,24,52,72,2938,12,8,777
publishing_literature,76,3,17,23,9,13,21,11,6,0,3,11,5,7,24,6,2,36,3,36,8,10,15,0,6,10,4,107,1,0,12,1,10,2,16,10,20,3,1,13,5,21,6,6,0,23,7,11,4,20,17,161,40,11,2,80,13,12,11,1,8,145,7,18,69,7,8,21,2,7,7,3,15,0,5,4,10,1,16,181,50,19,2,2,1,4,4,10,4,4,7,4,380,49,2,4,32,29,14,1,0,9,1,42,2,5,13,5,100,54,34,18,9,4,196,10,82,10,19,11,69,44,2,1,12,7,3,12,28,5,14,38,1,10,725,22,3,12,251,14,11,5,3,2,1,2,7,122,2,2,4,27,6,3,14,6,30,6,309,182,3,37,1,3,0,2
buddhism,3,0,1,2,0,1,10,2,0,0,0,1,1,2,347,0,0,0,1,2,3,1,0,0,1,0,1,18,0,0,2,0,0,0,1,8,0,0,0,2,0,1,1,0,0,0,1,4,0,1,0,2,1,2,0,1,1,5,2,0,0,4,2,4,1,0,0,2,0,0,1,0,1,0,0,1,1,0,6,0,0,3,0,0,5,0,0,0,1,3,0,1,0,5,0,2,0,0,0,1,0,1,0,123,0,0,0,1,36,32,2,4,4,2,1,1,1,1,0,1,5,0,1,1,3,1,0,0,0,0,0,2,1,0,3,3051,0,0,2,4,2,0,0,0,1,0,2,3,2,0,0,2,0,0,179,2,1,1,13,0,0,0,0,0,0,0
exercise_fitness,8,11,10,19,7,27,204,21,89,31,86,18,170,4,174,4,213,32,308,90,144,4,76,221,101,0,19,24,27,198,410,12,8,37,7,46,62,128,140,9,15,7,14,4,12,104,13,167,26,68,56,12,135,142,54,46,64,70,10,42,11,103,12,45,48,133,24,3,4,4,54,50,60,8,1057,194,17,69,38,150,7,6,394,5,65,17,20,52,40,67,55,9,28,93,4,47,22,6,94,117,156,84,64,13,6,13,225,1067,21,132,11,20,37,67,1,108,68,2,14,8,23,170,5,208,15,220,27,69,10,16,21,296,82,23,11,19,11138,11,27,15,25,187,145,29,10,127,20,88,38,8,77,21,50,996,918,3,14,71,11,50,252,91,17,155,2,37
baseball,17,25,148,48,50,160,181,16,74,26,46,28,63,35,10,9,139,83,72,37,15,22,131,61,71,2,59,32,36,53,52,86,4018,162,3,8,83,30,22,25,26,39,37,99,48,126,16,31,159,25,37,188,102,52,103,88,143,53,17,11,24,283,55,201,181,111,44,43,10,34,51,58,20,68,878,36,216,158,29,98,18,65,15,182,43,38,41,34,109,80,65,12,63,1120,50,67,104,26,467,34,112,84,27,74,62,41,116,54,49,55,52,43,38,48,70,54,26,21,41,31,43,7,10,67,37,22,145,135,42,46,139,53,79,70,197,14,52,4899,64,83,61,80,151,4,78,46,290,46,41,112,64,79,125,51,17,44,46,22,66,31,92,57,83,61,32,47
writing,381,538,313,585,264,642,711,146,924,60,257,292,150,305,396,118,137,323,378,392,339,70,403,136,360,126,250,904,167,74,367,203,405,161,100,524,160,221,122,120,151,393,99,445,840,201,627,211,299,401,328,674,330,465,80,3858,157,438,676,58,74,573,282,872,386,268,109,1101,306,265,392,159,204,140,193,284,923,79,298,1176,206,411,79,43,277,536,62,885,242,274,149,129,2719,576,36,436,3738,678,168,69,177,275,244,345,64,198,785,288,627,501,345,291,200,1613,857,629,466,199,721,368,541,362,257,186,904,185,178,355,295,110,549,359,411,424,2732,403,218,377,10517,371,800,253,135,199,584,187,330,462,190,164,180,1125,167,123,267,110,4540,318,4479,1747,174,736,88,151,339,279
multimedia,12,8,7,5,17,41,11,10,26,1,3,5,4,23,17,22,1,24,0,9,18,23,4,2,30,3,17,15,8,0,15,1,1,2,5,1,15,7,2,10,17,41,12,2,12,6,69,1,0,5,64,35,10,23,2,7,7,31,3,20,7,59,227,8,12,4,16,18,111,12,2,9,15,1,5,8,8,10,26,26,2,11,4,22,0,64,0,5,6,5,11,23,57,38,0,48,6,22,38,7,5,3,19,31,5,18,66,5,7,10,22,30,96,28,16,1,21,13,15,7,16,9,17,0,1,1,1,42,36,18,0,12,9,7,45,10,4,2,43,3941,8,9,0,6,1,24,10,12,1,1,8,3,5,5,0,2,7,9,12,199,130,8,0,72,43,2
director,289,22,205,1481,328,444,91,265,157,84,78,72,507,152,68,40,35,121,104,179,106,388,384,108,160,245,216,140,312,74,146,51,43,125,109,56,570,647,222,377,89,819,453,152,31,328,32,108,29,97,837,242,962,252,198,109,490,357,20,156,69,642,162,208,616,554,127,164,72,974,59,564,472,61,80,115,46,83,503,76,121,317,223,171,21,170,61,22,272,89,145,608,287,580,269,1747,42,1844,676,161,228,242,36,382,54,299,854,100,55,269,80,454,1832,1103,29,51,293,2107,70,121,176,401,151,28,27,54,116,60,199,243,101,446,132,92,431,68,90,100,119,235,1264,197,90,411,78,98,255,145,65,80,681,231,289,156,81,1660,851,73,126,193,443,231,56,243,44,81
accounting,2,2,26,2,7,33,4,14,25,3,5,9,35,4,2,0,2,3,2,2,6,16,162,2,26,3,17,21,136,1,38,73,8,3,3,11,34,1,1,68,3,7,54,7,13,3,6,4,4,7,41,2,5,29,0,10,31,39,6,2,4,66,15,70,9,3,11,2,11,2,2,66,18,2,6,4,19,2,124,23,6,4,2,3,1,7,1,16,82,2,5,11,4,44,14,11,8,5,36,8,6,4,8,8,14,54,38,5,9,3,7,6,5,143,4,5,10,2,4,32,17,10,5,6,34,6,14,10,5,11,6,47,35,6,17,1,2,13,12,10,2,5805,1,12,0,33,12,2,3,10,2,4,1,3,1,1,2,14,4,10,23,8,8,13,1,4
golf,20,28,52,16,35,77,27,63,69,265,88,67,430,16,14,14,178,80,39,17,30,53,88,394,63,43,60,28,127,322,51,166,122,497,5,11,60,39,107,38,96,35,69,97,19,292,10,22,143,43,125,46,42,60,772,57,75,42,26,58,11,169,53,100,15,98,113,28,9,18,42,164,19,15,264,113,67,224,97,28,12,16,488,312,37,29,122,25,90,228,160,12,158,531,21,82,31,9,324,579,376,102,109,29,94,132,165,38,32,52,26,52,17,54,15,34,11,8,40,24,50,16,6,144,26,4,364,193,31,382,100,33,231,53,56,10,103,255,19,40,28,164,12060,23,78,221,139,36,26,91,49,25,98,72,57,19,36,20,28,19,137,134,94,85,13,58
housing,38,4,196,4,5,128,9,21,29,6,1,3,39,5,25,2,5,17,12,48,9,35,1191,7,19,6,17,61,164,5,28,531,6,1,16,15,136,5,3,75,248,188,161,17,10,60,10,9,7,26,264,45,24,60,7,9,310,167,17,10,6,249,51,88,154,17,4,12,1,22,4,68,32,6,5,6,11,6,202,51,19,15,3,13,6,11,3,16,263,7,15,1683,36,124,231,20,9,10,497,7,4,7,4,57,5,2017,54,17,48,83,17,1129,39,36,10,7,20,9,22,10,95,41,4,11,10,6,2,7,107,14,11,59,77,15,47,8,6,8,29,48,13,169,12,17275,7,3873,67,18,1,4,14,9,50,16,12,1,7,8,14,15,237,29,2,9,1,13
musician_singer,27,10,49,64,14,29,56,13,53,16,46,35,40,522,14,48,73,223,25,147,8,7,20,16,50,8,8,29,8,10,63,18,13,29,36,27,18,57,9,19,11,52,5,44,9,64,13,97,50,7,39,127,242,40,36,54,298,31,20,13,100,47,38,44,189,14,34,86,2,23,55,12,17,13,13,16,12,22,28,15,7,514,22,12,19,16,12,5,14,27,32,26,24,36,4,28,44,144,245,6,31,48,50,65,11,8,41,28,61,45,16,6,54,16,23,34,19,40,26,6,25,10,15,67,12,66,35,14,8,24,86,28,15,37,57,29,20,27,58,25,43,8,26,10,118,25,49,25,36,9,140,40,249,7,32,68,44,24,40,21,34,25,25,12,232,25
realestate,0,0,0,0,1,0,0,0,0,0,0,0,6,0,0,0,0,0,0,0,0,0,0,0,0,0,0,0,1,0,0,0,0,1,0,0,0,0,0,0,0,0,0,2,1,0,0,0,0,0,0,0,0,0,1,0,0,0,1,0,0,0,0,0,0,0,0,0,0,0,0,1,0,0,0,0,3,0,1,0,0,0,0,0,0,0,0,0,1,0,0,0,0,0,0,0,0,0,0,0,1,0,0,0,0,1,0,0,0,0,0,2,0,0,0,0,0,0,0,0,0,0,0,0,0,0,0,0,0,0,0,0,0,0,0,0,0,0,0,0,0,0,0,0,0,493,0,0,1,0,0,0,0,0,0,0,0,1,0,0,0,0,0,0,0,1
reporter,13,4,204,38,36,46,35,32,95,8,25,21,72,19,9,3,11,52,18,29,11,37,107,39,97,38,31,42,31,32,27,24,63,106,34,53,152,28,31,65,62,182,107,18,22,57,10,29,35,19,75,51,64,33,126,47,335,26,12,27,3,68,31,145,111,35,14,12,5,86,9,61,47,8,28,43,19,51,59,27,52,34,15,37,4,6,7,12,29,29,62,129,30,119,40,85,61,37,608,66,97,30,33,421,31,48,285,33,25,31,15,20,109,63,28,36,53,49,59,9,50,23,45,20,16,23,27,38,30,103,47,86,58,63,73,15,30,133,49,281,47,36,36,36,7,28,565,41,6,14,27,48,146,18,16,63,166,16,12,51,91,41,14,33,7,20
neuroscience,3,2,5,0,3,2,29,0,20,0,1,13,0,2,44,2,2,7,29,1,1,21,4,0,10,0,2,93,1,0,26,1,0,0,5,1,3,1,2,2,0,0,2,0,0,4,1,3,0,1,11,1,12,19,0,11,3,87,3,0,0,49,0,18,2,0,0,1,6,0,0,1,71,2,0,1,0,1,9,7,16,0,0,0,1,2,0,1,7,1,0,1,19,24,2,18,2,3,6,0,0,3,0,15,1,2,8,6,153,538,16,3,2,5,25,5,98,0,0,2,17,17,1,0,0,0,0,1,6,0,1,31,19,1,15,57,1,0,16,3,3,2,0,0,1,0,5,3216,0,1,1,0,5,0,8,0,2,2,4,43,3,12,0,3,0,0
rapper,1,3,22,13,2,9,3,5,20,7,5,12,7,8,7,2,9,197,2,33,2,2,12,3,11,2,2,11,4,5,28,18,4,3,25,1,2,10,1,2,1,31,2,7,2,5,0,13,74,2,8,9,99,20,5,4,42,9,8,2,19,6,4,13,69,13,2,10,1,5,42,5,3,13,5,1,6,65,7,0,0,11,1,3,2,1,49,0,4,1,0,4,6,7,1,10,2,9,71,8,37,6,5,43,1,6,24,1,5,4,5,9,18,4,12,6,4,7,5,0,5,2,7,39,10,2,28,9,10,6,37,3,4,10,13,2,6,7,4,15,35,8,3,2,9,4,13,1,864,5,21,9,121,3,8,28,12,4,11,3,6,17,3,7,2,3
beer,316,278,130,187,90,357,106,91,229,242,153,124,325,72,91,26,316,282,29,133,233,39,258,55,184,12,296,253,104,85,102,141,205,180,9,40,212,32,280,127,175,31,74,1171,732,69,231,233,517,180,302,212,143,294,228,204,98,203,334,555,35,88,148,294,139,90,33,246,65,115,128,60,91,250,76,399,245,67,234,16,121,83,193,36,222,472,204,429,119,212,159,42,12,114,24,536,103,116,302,410,113,130,60,41,128,95,259,208,129,45,89,80,63,59,96,214,127,142,64,173,51,46,238,142,448,14,243,220,161,60,177,84,234,1166,140,30,189,267,90,106,135,91,148,15,107,218,110,96,78,33187,64,237,146,273,108,22,146,642,129,54,78,30,1788,67,44,402
beauty_fashion_shopping,55,26,53,104,34,169,697,134,359,181,646,127,433,57,95,50,307,265,111,117,116,46,808,166,400,21,101,97,449,313,158,75,115,101,33,96,166,306,118,116,126,99,98,252,150,135,97,303,152,271,230,95,864,270,210,205,125,229,100,83,44,77,184,188,152,96,57,104,50,52,328,202,74,322,76,208,88,164,313,336,28,133,171,43,874,77,112,77,188,155,139,78,193,100,30,335,452,98,258,113,122,230,134,58,199,143,229,574,87,106,32,167,58,109,39,322,36,56,134,52,72,98,54,611,91,259,162,205,81,395,172,126,270,278,317,55,329,145,119,118,104,158,120,116,151,289,100,74,103,145,2876,103,141,171,164,309,80,368,70,55,100,282,337,546,54,379
comics,14,12,34,214,22,9,21,4,13,3,7,53,6,11,11,1,48,152,2,84,1,6,19,1,52,4,17,42,2,1,9,3,6,2,13,10,2,5,1,5,0,38,0,12,8,8,22,5,56,4,7,32,48,19,0,129,21,41,40,2,5,21,7,15,100,261,0,8,14,241,41,2,1,225,1,3,30,2,36,27,10,670,2,0,22,17,5,19,4,4,2,3,208,12,1,36,34,20,27,1,2,36,91,13,0,2,12,3,41,12,46,19,36,5,47,12,21,35,12,4,28,1,7,5,18,0,6,96,15,14,198,7,14,11,402,10,5,9,126,26,93,1,0,4,12,3,5,32,5,8,2,7237,17,3,4,78,191,52,17,84,12,10,7,39,13,6
radio,180,94,727,607,1048,165,580,240,275,70,89,230,88,1770,473,95,430,769,468,330,125,225,374,429,452,189,100,269,148,156,188,183,547,807,377,375,466,346,437,180,167,581,213,513,110,326,90,165,168,384,438,593,343,592,773,589,706,174,158,266,197,709,126,278,295,217,75,406,174,135,233,241,107,132,231,170,137,551,217,218,87,231,330,470,74,116,206,75,154,288,617,254,250,531,369,477,206,632,529,124,482,305,166,491,77,175,494,156,392,387,267,218,196,291,187,426,202,178,655,74,176,226,250,273,100,132,558,285,260,250,828,358,250,191,390,127,315,538,615,305,276,132,201,257,836,261,458,342,770,179,103,217,7609,117,159,102,690,149,361,196,796,245,170,444,246,158
running,270,729,841,358,299,644,474,378,448,440,328,281,313,185,217,78,413,234,213,283,649,212,554,337,702,118,815,405,355,529,325,605,2636,274,133,215,489,429,503,281,377,501,393,345,892,660,507,351,426,280,1138,289,404,388,1846,483,776,357,634,327,153,455,460,428,312,640,161,278,764,268,392,240,238,299,478,724,1030,507,389,361,238,361,909,398,349,940,221,901,468,663,316,266,287,534,247,429,485,559,677,503,767,348,668,181,339,286,447,601,306,185,206,250,222,274,150,370,270,237,220,856,188,232,463,466,1139,170,1030,714,363,504,537,429,508,423,516,174,1660,537,414,277,334,358,341,453,288,258,704,224,304,414,520,437,504,14092,414,159,445,307,367,279,410,454,310,825,207,320
yoga,16,4,49,16,4,33,200,27,50,102,50,17,68,23,5486,18,513,43,91,90,434,5,41,32,37,177,10,36,14,86,50,56,10,24,12,251,4,183,42,39,0,49,11,34,10,218,15,315,76,65,18,13,77,37,32,130,32,29,10,2,9,44,29,61,44,8,19,20,3,21,51,11,24,9,6,93,24,31,118,33,24,6,21,4,50,2,33,28,43,25,19,6,35,33,2,27,74,9,51,60,28,106,10,177,16,2,124,475,26,366,21,20,29,33,22,199,14,18,8,12,10,60,5,178,13,369,70,25,5,18,66,89,38,52,40,950,1560,50,62,21,23,20,44,7,62,64,19,36,11,13,121,6,46,380,45282,20,37,87,91,12,41,62,13,12,27,110
cinema,31,15,7,355,13,20,4,10,5,22,11,29,25,30,15,30,4,223,5,53,22,6,6,20,42,13,17,56,24,134,15,7,3,1,8,8,4,47,13,17,6,27,4,14,50,5,28,8,28,11,65,69,73,33,11,25,8,26,39,21,12,77,138,11,43,38,0,46,10,292,28,6,1,26,7,7,52,5,13,3,9,97,76,6,7,36,19,21,26,65,3,11,5,45,2,112,13,284,61,15,23,46,32,38,4,16,32,5,43,11,12,112,915,1,14,7,8,1704,10,11,88,1,11,11,31,6,7,51,37,18,148,5,18,13,29,10,4,2,9,140,462,6,6,24,17,9,1,25,18,34,65,48,78,8,14,7989,213,18,22,33,2,8,10,21,17,21
screenwriter,0,0,3,34,0,0,1,0,1,0,0,6,1,1,1,0,0,1,0,6,0,0,1,0,3,0,0,3,0,0,0,0,1,0,2,2,0,1,0,0,3,2,0,1,2,14,0,1,1,0,0,4,16,3,0,17,8,10,0,0,0,5,1,3,9,5,0,0,0,34,0,0,1,1,1,0,1,0,1,0,0,16,0,0,0,0,0,0,4,0,3,0,2,9,1,3,13,19,8,0,2,5,0,4,0,0,0,0,2,0,1,1,29,3,1,1,0,81,0,0,1,0,0,0,1,3,0,2,0,1,10,0,2,2,40,1,0,0,63,0,45,1,0,0,0,0,0,2,0,0,1,17,7,3,1,74,1009,0,6,1,1,0,0,1,1,3
recipes_cooking,69,28,24,56,32,83,378,74,76,78,120,40,240,56,75,17,74,65,73,61,49,21,110,64,100,21,35,129,27,218,52,59,18,32,17,81,300,83,68,76,51,50,103,541,77,90,42,1257,63,442,57,60,147,61,68,119,55,92,78,26,12,126,53,96,188,62,15,95,24,29,168,71,25,99,37,356,63,35,221,327,40,63,104,26,161,34,39,51,45,69,135,70,77,58,16,59,145,34,84,44,68,132,44,25,33,40,85,1553,74,22,26,47,44,48,54,155,39,41,55,22,26,34,27,214,75,135,66,92,31,38,88,88,103,3399,316,50,471,51,103,43,59,32,61,33,63,29,33,32,179,198,72,58,67,90,100,29,54,7666,58,63,56,190,726,52,18,911
poetry,44,3,23,27,29,25,51,34,10,5,6,17,13,80,77,20,5,32,10,134,15,4,15,6,20,15,11,53,2,5,15,8,10,5,39,89,8,23,5,20,5,47,7,28,6,26,6,8,30,31,50,136,103,24,3,75,22,57,12,4,2,280,28,53,191,2,2,83,2,10,16,6,14,9,16,30,13,11,27,144,13,14,2,5,16,1,7,13,8,14,8,40,790,126,14,31,48,121,31,5,15,28,4,90,1,10,12,2,97,48,39,56,98,15,132,27,30,36,18,6,30,10,6,8,17,7,4,20,52,6,68,20,11,17,1364,66,5,14,1283,34,32,12,9,9,28,5,16,39,41,7,14,18,33,4,66,37,84,15,13788,262,10,67,159,6,7,8
teaching,161,64,120,25,94,432,991,97,170,38,30,115,37,203,342,219,71,37,219,88,89,218,155,43,89,76,49,575,59,104,173,55,18,34,107,87,158,1941,27,133,94,147,56,66,101,46,95,70,85,136,243,530,56,106,39,251,77,282,131,40,105,605,183,207,340,25,75,272,71,47,49,112,66,34,14,191,191,56,107,1313,86,80,42,24,63,94,30,154,352,49,48,146,1343,351,44,71,103,83,132,38,32,65,21,395,3,48,126,248,371,362,607,139,60,146,500,72,381,28,106,99,733,275,105,60,238,145,93,50,558,27,85,250,112,90,125,768,204,29,305,208,71,203,109,23,47,131,135,168,46,43,42,65,59,37,1317,12,167,91,125,6658,92,473,30,26,77,149
army_military_veteran,19,9,107,17,35,46,18,20,27,15,8,3,56,54,9,3,15,21,10,47,24,21,59,66,34,46,26,27,48,14,16,17,282,158,13,12,46,24,51,16,33,75,39,25,6,23,7,9,8,26,47,194,26,17,76,10,112,20,6,108,184,48,29,48,50,54,8,5,25,48,3,53,37,12,42,32,10,71,36,95,1,21,73,18,10,6,23,3,37,33,74,107,15,55,98,44,15,65,206,27,135,16,4,52,13,22,25,7,12,70,6,14,23,63,13,3,13,37,81,26,9,44,21,14,5,5,10,14,16,35,23,36,27,13,41,9,20,201,30,38,11,32,50,24,5,43,117,21,4,9,18,17,37,29,15,35,25,24,27,48,2168,10,13,24,15,6
children,157,42,710,289,139,120,5349,1021,166,66,110,122,134,122,336,191,105,123,1241,334,84,85,317,84,166,391,92,340,101,114,198,77,23,52,495,159,370,198,99,316,104,3605,133,86,95,893,65,260,466,288,4089,406,220,150,129,326,641,264,129,100,47,506,197,362,689,69,825,192,45,94,134,226,404,160,36,191,113,116,470,3193,74,171,102,87,176,81,124,88,114,92,105,3581,3328,221,370,174,249,263,932,49,140,339,57,734,71,87,246,987,443,2445,183,174,274,152,442,161,462,121,364,45,419,728,82,179,88,749,83,120,249,97,362,809,210,218,407,311,407,79,233,222,146,128,96,525,215,131,224,653,132,39,207,178,255,85,371,77,151,194,386,1285,995,7523,97,95,115,160
restaurant_dining,30,12,17,18,7,66,46,24,19,5,71,30,563,16,16,7,18,41,15,18,9,11,92,16,26,3,10,16,33,36,14,19,8,7,8,12,40,11,14,4,13,9,3,309,10,40,17,201,17,64,28,27,214,53,11,38,24,36,17,17,2,495,24,25,23,5,6,16,3,6,29,11,7,18,44,49,16,7,55,49,4,14,15,3,24,5,5,13,34,19,20,17,12,198,10,31,29,28,168,92,11,15,9,13,46,51,93,326,7,13,6,130,13,19,11,51,10,29,18,4,11,14,6,29,24,8,15,18,11,38,38,26,50,783,22,10,98,21,22,20,15,21,34,12,10,74,35,11,5,49,50,26,11,24,26,4,16,260,17,10,44,44,2485,23,5,98
mobile_smartphone,13,35,44,15,25,84,88,17,276,8,7,30,190,10,12,5,1,272,11,5,17,82,238,2,888,8,52,41,395,3,54,51,3,5,8,7,90,7,20,32,17,23,49,24,25,21,37,10,40,16,28,16,24,149,4,17,56,168,15,10,6,44,116,206,45,46,20,9,282,8,7,46,178,11,13,58,64,11,77,10,17,40,5,26,4,60,11,15,66,12,14,13,17,32,3,245,17,9,99,14,9,10,453,10,27,37,128,34,11,50,8,55,11,69,27,22,19,7,22,49,94,51,137,7,17,10,5,475,112,94,7,300,133,13,48,10,23,3,79,103,15,86,4,11,6,168,18,33,13,11,13,11,48,15,12,13,15,10,7,55,64,28,18,3527,6,7
guitar,35,44,22,244,21,70,31,28,38,32,17,71,35,572,56,109,141,228,3,41,17,31,40,35,92,5,28,32,22,19,51,42,6,30,3,17,20,60,21,29,10,41,7,41,58,56,39,23,77,20,30,34,77,58,46,39,24,53,63,9,445,26,63,46,75,235,9,282,35,40,156,9,8,58,4,22,81,15,43,56,10,43,39,3,126,52,50,141,27,53,32,35,15,29,3,63,12,66,37,32,22,107,74,14,23,10,35,14,24,27,15,31,51,15,12,28,18,32,13,20,19,14,59,17,131,4,69,181,18,7,94,19,42,34,40,19,7,25,23,68,68,29,20,4,544,21,20,47,55,19,17,85,163,9,24,25,38,19,64,41,19,53,18,75,23742,35
baking,9,12,8,11,15,30,134,9,17,5,74,16,24,12,25,9,23,10,14,19,35,4,21,16,17,9,17,40,8,46,11,5,3,4,0,21,46,23,9,22,9,20,6,60,20,53,20,428,8,119,30,15,67,15,10,45,13,21,35,5,2,12,16,14,43,13,21,19,1,18,49,8,20,29,2,21,13,3,32,146,24,18,11,18,99,16,6,20,19,17,13,11,43,15,2,17,104,15,17,12,13,34,3,6,9,14,29,189,17,4,6,7,5,14,16,30,13,4,21,5,4,39,6,56,11,35,8,14,20,4,13,14,21,602,101,14,100,10,22,7,8,10,13,11,30,8,9,7,5,27,34,16,13,26,22,5,33,817,30,11,11,50,118,9,8,2871
