Name,FF_bin_degree,FF_bin_in_degree,FF_bin_out_degree,FF_volume_in,FF_volume_out,FF_bin_betweeness,FF_bin_closeness,FF_bin_pagerank,FF_bin_c_size,FF_bin_c_density,FF_bin_c_hierarchy,FF_bin_c_index,AT_bin_degree,AT_bin_in_degree,AT_bin_out_degree,AT_bin_betweeness,AT_bin_closeness,AT_bin_pagerank,AT_bin_c_size,AT_bin_c_density,AT_bin_c_hierarchy,AT_bin_c_index,AT_volume_in,AT_volume_out,RT_volume_in,RT_volume_out
golf,0.0666666666667,0.0242424242424,0.0424242424242,545.0,1150.0,0.000934878727689,0.356624541378,0.00206315936463,0.104114304609,0.0458109147322,0.00523395846399,0.155159177805,0.0545454545455,0.0242424242424,0.030303030303,0.00854567257339,0.275351213282,0.00239064628503,0.217692973127,0.0846660272267,0.0209545820845,0.323313582439,1075.0,933.0,283.0,258.0
dance,0.0787878787879,0.0121212121212,0.0666666666667,468.0,2273.0,0.000118239939933,0.454441558442,0.00107318973271,0.118328419459,0.0519731195949,0.0141190101222,0.184420549176,0.0909090909091,0.0242424242424,0.0666666666667,0.00197942135668,0.334263565891,0.00495648866834,0.146326508692,0.0558891216429,0.00907387103976,0.211289501375,916.0,4004.0,468.0,554.0
etsy_handmade,0.484848484848,0.206060606061,0.278787878788,8511.0,12365.0,0.00490381286972,0.523205741627,0.00540710775277,0.0313804372141,0.0380286529974,0.0134230895777,0.0828321797892,0.0363636363636,0.030303030303,0.00606060606061,0.0,0.262287104623,0.00128720542704,0.0119141532386,0.0,0.0,0.0119141532386,1061.0,130.0,57.0,648.0
radio,0.406060606061,0.224242424242,0.181818181818,6201.0,8230.0,0.00574170680337,0.497045454545,0.00996223121071,0.0341141257948,0.0266195954271,0.00611577576167,0.0668494969836,0.169696969697,0.0727272727273,0.0969696969697,0.0059091865607,0.361139028476,0.0100518467681,0.129564105048,0.0476075885599,0.014169023792,0.1913407174,2617.0,10433.0,1436.0,1050.0
fishing,0.133333333333,0.0545454545455,0.0787878787879,4327.0,4841.0,0.000311311293879,0.459695218077,0.00299766430995,0.224481841194,0.0688522198324,0.0205873781862,0.313921439213,0.0242424242424,0.0121212121212,0.0121212121212,0.0,0.273257287706,0.00169539749657,0.649006134501,0.0188141320143,0.021245126146,0.689065392662,1178.0,970.0,165.0,431.0
skiing,0.145454545455,0.0606060606061,0.0848484848485,2579.0,3397.0,0.0134641068142,0.462367864693,0.00219126468605,0.0998419716349,0.0727658858198,0.015923308149,0.188531165604,0.0787878787879,0.0242424242424,0.0545454545455,0.0054456684879,0.336612021858,0.0017919723074,0.175505780015,0.066251591306,0.016340962294,0.258098333615,1523.0,3170.0,1457.0,459.0
poetry,0.29696969697,0.127272727273,0.169696969697,5203.0,7499.0,0.000521905748977,0.493958215697,0.0036891031465,0.0673738554073,0.0536308235903,0.0136428391534,0.134647518151,0.0606060606061,0.0121212121212,0.0484848484848,0.000959676968129,0.338993710692,0.0010452795106,0.24656085703,0.145385234705,0.0320660824194,0.424012174154,381.0,2279.0,547.0,1609.0
meditation,0.581818181818,0.266666666667,0.315151515152,12856.0,15630.0,0.00511363210214,0.544707347447,0.00739840230568,0.0326942364945,0.0395802180548,0.0165273075743,0.0888017621235,0.0606060606061,0.0121212121212,0.0484848484848,0.00095074458859,0.348867313916,0.00156507233499,0.325835230736,0.088858817292,0.0196721128638,0.434366160892,1150.0,2858.0,1270.0,949.0
children,0.50303030303,0.2,0.30303030303,9099.0,15215.0,0.00211612818689,0.53195500152,0.00498398437631,0.0375700756267,0.0427254539884,0.0147995995634,0.0950951291786,0.145454545455,0.030303030303,0.115151515152,0.00652887178082,0.394871794872,0.00164660459629,0.0889157561224,0.0569795321709,0.0142576564511,0.160152944744,1401.0,5935.0,863.0,1036.0
astrology,0.218181818182,0.0787878787879,0.139393939394,2658.0,4495.0,4.68914653581e-05,0.480527327657,0.00215521430975,0.0667384677801,0.0518954208032,0.0112197662029,0.129853654786,0.030303030303,0.0,0.030303030303,0.0,0.300838968194,0.000903614457831,0.234624930407,0.0644077015039,0.00616251462049,0.305195146531,0,1083.0,130.0,592.0
linguistics,0.0606060606061,0.0181818181818,0.0424242424242,510.0,1223.0,5.72802990358e-05,0.398632946001,0.00117297001709,0.174232649605,0.0284155908575,0.00326274780484,0.205910988267,0.0424242424242,0.0121212121212,0.030303030303,0.000260759183087,0.294535519126,0.001058645525,0.23145694042,0.0572583536303,0.00922353456613,0.297938828617,363.0,903.0,1078.0,993.0
climatechange,0.424242424242,0.175757575758,0.248484848485,11456.0,15599.0,0.0040079036547,0.514739629303,0.00682420609524,0.0768136954227,0.0587549268324,0.0159784082196,0.151547030475,0.169696969697,0.0363636363636,0.133333333333,0.010435799358,0.397053406998,0.00287041417062,0.136617332268,0.0915034560387,0.0269674147388,0.255088203046,4736.0,13124.0,2787.0,4343.0
pharma,0.181818181818,0.0727272727273,0.109090909091,4511.0,7443.0,0.00384513859881,0.470575578268,0.00352256003527,0.167486252933,0.0709520772337,0.0156408103205,0.254079140487,0.121212121212,0.0363636363636,0.0848484848485,0.00374069138603,0.36388185654,0.00276732715655,0.241625510454,0.0468436367081,0.0102529284568,0.298722075619,2635.0,5698.0,1068.0,1836.0
hunting,0.181818181818,0.0787878787879,0.10303030303,4902.0,6359.0,0.000543664809599,0.469187449718,0.00338078207876,0.165720455389,0.0612320684901,0.0166327921008,0.243585315979,0.0424242424242,0.0181818181818,0.0242424242424,0.0017564324607,0.319407407407,0.00226158465101,0.306548421499,0.036414728667,0.005531104253,0.348494254419,1205.0,2384.0,197.0,355.0
flash,0.0363636363636,0.0181818181818,0.0181818181818,427.0,646.0,3.54151268785e-05,0.364804003336,0.0016058572319,0.213566235194,0.133725122844,0.0411348295826,0.388426187621,0.0666666666667,0.0181818181818,0.0484848484848,0.000121130679138,0.315204678363,0.00284559156553,0.298915162457,0.189254749722,0.0555065795249,0.543676491704,1899.0,3480.0,600.0,1282.0
writing,0.478787878788,0.236363636364,0.242424242424,11746.0,13775.0,0.00802325144674,0.511429406606,0.0073445550632,0.0545509832218,0.0489472102058,0.0142033731274,0.117701566555,0.133333333333,0.0484848484848,0.0848484848485,0.00531382995174,0.36388185654,0.00295767028734,0.189116455624,0.138989548928,0.0346936496747,0.362799654227,2946.0,8247.0,2416.0,2353.0
humanrights_activism_justice,0.593939393939,0.29696969697,0.29696969697,15110.0,14643.0,0.00983540787511,0.535537190083,0.00993083799737,0.031292646543,0.0361608577874,0.0134277831058,0.0808812874363,0.254545454545,0.145454545455,0.109090909091,0.0232935410104,0.383288888889,0.00710219831785,0.0699249434097,0.0600815234242,0.01597099163,0.145977458464,9663.0,10334.0,6227.0,4528.0
html,0.0484848484848,0.030303030303,0.0181818181818,1225.0,1047.0,0.000705597698334,0.364804003336,0.00365958892746,0.331172277946,0.0767267079088,0.0102716433441,0.418170629199,0.109090909091,0.0606060606061,0.0484848484848,0.0171641233777,0.319407407407,0.00681332408793,0.270578933806,0.148447013505,0.0369399129386,0.45596586025,5781.0,5580.0,1461.0,1912.0
hockey,0.030303030303,0.0121212121212,0.0181818181818,273.0,536.0,2.96009331694e-06,0.291843202669,0.00100170846577,0.151121270136,0.027846928927,0.00128423872946,0.180252437793,0.0424242424242,0.030303030303,0.0121212121212,5.18420984611e-05,0.265680837954,0.00260067386497,0.03491787808,0.00027458629865,6.23700319205e-07,0.0351930880789,1015.0,363.0,343.0,296.0
teaching,0.309090909091,0.157575757576,0.151515151515,7174.0,6353.0,0.0134660970911,0.489398601399,0.00481790786301,0.0575887233935,0.0387577929256,0.0124398622164,0.108786378536,0.109090909091,0.0484848484848,0.0606060606061,0.00229250001803,0.351426242869,0.00196119877873,0.116265359768,0.0188123334817,0.00298964898976,0.13806734224,2440.0,2585.0,1678.0,1129.0
filmfestival,0.133333333333,0.0363636363636,0.0969696969697,2809.0,6867.0,0.00100086677452,0.466435617169,0.00302063073383,0.112115959314,0.0828356810266,0.0214980604546,0.216449700795,0.0969696969697,0.0363636363636,0.0606060606061,0.0068509503973,0.336612021858,0.00246666234266,0.168575875524,0.0626360230527,0.0177326420429,0.248944540619,2689.0,3585.0,1305.0,1966.0
ceo,1.07272727273,0.581818181818,0.490909090909,32750.0,26274.0,0.0499560364592,0.616490486258,0.023127710486,0.0204408146622,0.0349244568893,0.0165860956205,0.0719513671719,0.357575757576,0.187878787879,0.169696969697,0.0232697885171,0.404882629108,0.0118519843612,0.0666336580568,0.0595122495215,0.0171300402023,0.143275947781,10439.0,14464.0,3678.0,3193.0
automotive,0.254545454545,0.0969696969697,0.157575757576,3875.0,6996.0,0.00543671016445,0.490909090909,0.00317071520902,0.0547870490404,0.043141853455,0.00928063233503,0.107209534831,0.109090909091,0.0363636363636,0.0727272727273,0.00439126341695,0.353153153153,0.00198081913253,0.0989286699192,0.0216092484918,0.00316083618399,0.123698754595,1868.0,3271.0,710.0,1198.0
horror,0.169696969697,0.0606060606061,0.109090909091,2478.0,5502.0,0.000501515768858,0.466435617169,0.00308184581911,0.0824060150376,0.0771194293962,0.0214428433174,0.180968287751,0.0848484848485,0.030303030303,0.0545454545455,0.000375454568991,0.313144517066,0.00285746608903,0.273451561605,0.0922818186706,0.0272932227628,0.393026603039,2128.0,3435.0,903.0,969.0
jazz,0.139393939394,0.0363636363636,0.10303030303,1057.0,3121.0,0.0159353512305,0.466435617169,0.00158696413824,0.0651393551808,0.0427788953129,0.00992058165747,0.117838832151,0.0545454545455,0.0181818181818,0.0363636363636,0.000589602668853,0.289201877934,0.00152683376261,0.272189940906,0.0373846195631,0.00284548432644,0.312420044796,773.0,2296.0,301.0,743.0
sport_football,0.169696969697,0.127272727273,0.0424242424242,5708.0,1226.0,0.017136806325,0.357425944842,0.00818254358136,0.0235097884883,0.0116308533073,0.00174396445195,0.0368846062475,0.218181818182,0.145454545455,0.0727272727273,0.0414808483225,0.340600315956,0.0190083183449,0.0914182062038,0.0114517672735,0.00195717345358,0.104827146931,7208.0,4878.0,2222.0,783.0
sailing,0.0848484848485,0.0242424242424,0.0606060606061,980.0,2016.0,4.10610166708e-06,0.451859504132,0.00140557634802,0.150538947346,0.101691608174,0.0273207783997,0.279551333919,0.00606060606061,0.0,0.00606060606061,0.0,0.26047595815,0.000903614457831,1.0,0.0,0.0,1.0,0,198.0,54.0,238.0
wedding,0.187878787879,0.0666666666667,0.121212121212,2879.0,5007.0,0.000204196931177,0.465071770335,0.00246943913003,0.0740336441515,0.0415323775561,0.0114663899286,0.127032411636,0.10303030303,0.0121212121212,0.0909090909091,0.00064163130037,0.345512820513,0.00123058709089,0.0945466383453,0.0528493001478,0.0180956068915,0.165491545385,914.0,4099.0,211.0,450.0
investor,0.309090909091,0.175757575758,0.133333333333,8563.0,6673.0,0.002204258265,0.477641277641,0.00827020162909,0.0652953779241,0.0390621651202,0.00785190069948,0.112209443744,0.193939393939,0.0727272727273,0.121212121212,0.00730700556949,0.376265270506,0.00856562320116,0.149455236157,0.0671565348518,0.0141825315004,0.230794302509,4849.0,10788.0,2568.0,3073.0
literacy,0.206060606061,0.0666666666667,0.139393939394,4149.0,8224.0,0.000209130619621,0.486405337781,0.00298189378368,0.094792082956,0.0505077298666,0.0120293489021,0.157329161725,0.115151515152,0.0424242424242,0.0727272727273,0.00353577169009,0.365733672604,0.00189594969882,0.118889445881,0.053389115228,0.0114562901109,0.18373485122,2010.0,6428.0,980.0,2066.0
comedy_funny,0.824242424242,0.763636363636,0.0606060606061,36033.0,2754.0,0.0260507451239,0.396644751757,0.0527263447248,0.00581668474901,0.00205849464801,0.000220791565878,0.0080959709629,0.460606060606,0.333333333333,0.127272727273,0.0633004074495,0.370446735395,0.0325794451434,0.0379656557595,0.0222418798558,0.00550473415432,0.0657122697697,18541.0,6357.0,5525.0,1160.0
baking,0.175757575758,0.0727272727273,0.10303030303,4954.0,6045.0,5.82118061474e-05,0.463715875961,0.00326441662193,0.145502552981,0.0832972614147,0.0178360162818,0.246635830677,0.133333333333,0.0424242424242,0.0909090909091,0.00889681690825,0.356658395368,0.00338299129288,0.27531626729,0.211928306,0.0483094870908,0.535554060381,4435.0,8368.0,1027.0,1113.0
mobile_smartphone,0.169696969697,0.0727272727273,0.0969696969697,2893.0,4575.0,0.00188888664935,0.459695218077,0.00385069492081,0.0958570529385,0.0667588314356,0.0127384670064,0.17535435138,0.345454545455,0.266666666667,0.0787878787879,0.0184916553196,0.353153153153,0.0110935810482,0.0295123508696,0.0126045230617,0.00214341283978,0.0442602867711,12044.0,4540.0,1118.0,788.0
university,0.10303030303,0.0606060606061,0.0424242424242,2950.0,2037.0,0.000152721337116,0.39467629145,0.00232026543455,0.142994203216,0.0782026140779,0.0131729330124,0.234369750306,0.109090909091,0.0545454545455,0.0545454545455,0.00593578014287,0.340600315956,0.00198687121823,0.101913410698,0.0448286769013,0.00642328752921,0.153165375129,2355.0,3152.0,1637.0,953.0
rapper,0.206060606061,0.127272727273,0.0787878787879,5926.0,4129.0,0.00304649532901,0.402669735328,0.0177658941801,0.0682074843952,0.0321916051654,0.00669475095466,0.107093840515,0.157575757576,0.115151515152,0.0424242424242,0.00310363468763,0.295747599451,0.0262301849199,0.0412378644933,0.0199590520802,0.00386293165502,0.0650598482285,10527.0,2451.0,1100.0,1150.0
democrat,0.2,0.133333333333,0.0666666666667,5966.0,3867.0,0.000202031537305,0.457053291536,0.00686258132424,0.103891987961,0.045116887961,0.00614924126098,0.155158117183,0.127272727273,0.0787878787879,0.0484848484848,0.00156693010301,0.328158295282,0.0169946783439,0.145444020586,0.10681882338,0.0210800742546,0.273342918221,6074.0,3640.0,6280.0,476.0
banking,0.109090909091,0.0424242424242,0.0666666666667,1262.0,3588.0,2.63742375716e-05,0.45057944888,0.00235583666751,0.123882410458,0.0625340603257,0.010718770042,0.197135240826,0.109090909091,0.0424242424242,0.0666666666667,0.00338224247642,0.341409342835,0.00418730655549,0.106774120075,0.0520902358209,0.00923089530432,0.1680952512,1331.0,4597.0,313.0,1580.0
architecture,0.230303030303,0.109090909091,0.121212121212,4932.0,4861.0,0.00183074591205,0.476211213936,0.00334004028214,0.078961001461,0.0409191543804,0.011424631624,0.131304787465,0.10303030303,0.0363636363636,0.0666666666667,0.00422946788782,0.36388185654,0.0026012386184,0.149742889895,0.0335515927654,0.00762146293842,0.190915945599,2257.0,2997.0,1086.0,1091.0
motorcycle,0.0848484848485,0.0242424242424,0.0606060606061,1065.0,1894.0,0.00132834142215,0.451859504132,0.00141325835468,0.152383920794,0.0662917342434,0.00855556399346,0.227231219031,0.030303030303,0.0121212121212,0.0181818181818,0.00049403081018,0.280729166667,0.00175926835878,0.38091640471,0.0217142746723,0.00033837154912,0.402969050931,516.0,854.0,130.0,382.0
gardening,0.412121212121,0.181818181818,0.230303030303,9248.0,11929.0,0.000964137544742,0.50654313839,0.00531215145839,0.0439979809454,0.046099384158,0.0158545868701,0.105951951973,0.0606060606061,0.0181818181818,0.0424242424242,0.00036267426495,0.33194765204,0.0011625837389,0.227717880375,0.0660228902729,0.0154922415175,0.309233012165,965.0,1851.0,416.0,1380.0
branding,0.993939393939,0.466666666667,0.527272727273,25895.0,30887.0,0.0345450684864,0.636218181818,0.0155837458777,0.0250618067045,0.0397906626479,0.0178011787655,0.0826536481179,0.2,0.0545454545455,0.145454545455,0.00273682313555,0.398153277932,0.00367867599515,0.128604092757,0.0747097080897,0.0229959760997,0.226309776946,5346.0,12320.0,1145.0,2931.0
energy,0.733333333333,0.339393939394,0.393939393939,17559.0,20980.0,0.01936351835,0.572138652714,0.0103170305875,0.0374880030411,0.0421465011799,0.0168021244614,0.0964366286824,0.109090909091,0.0363636363636,0.0727272727273,0.00135769201712,0.359333333333,0.00209632623813,0.158741715478,0.117045070231,0.0278944295588,0.303681215267,3726.0,5635.0,2513.0,1628.0
politics_news,1.03636363636,0.775757575758,0.260606060606,46523.0,12354.0,0.0722375019639,0.521490312966,0.0450179932973,0.0137126567196,0.0145334949518,0.00528796802937,0.0335341197008,0.793939393939,0.690909090909,0.10303030303,0.0761307797172,0.361139028476,0.0883684253686,0.0211581629298,0.00904123606997,0.00171360424788,0.0319130032477,66671.0,7123.0,9074.0,4608.0
mac_iphone,0.0969696969697,0.0484848484848,0.0484848484848,1937.0,1884.0,0.00117184679457,0.448040973111,0.00388911017093,0.164307826259,0.105581086171,0.0269983474829,0.296887259913,0.115151515152,0.0787878787879,0.0363636363636,0.00315136021799,0.311785972523,0.00695135288732,0.168321640643,0.102019926408,0.0252846695747,0.295626236626,4934.0,2909.0,1708.0,1485.0
college,0.151515151515,0.0606060606061,0.0909090909091,2637.0,5397.0,0.00271947627277,0.470575578268,0.00252951768261,0.110336723022,0.0617403940967,0.0128598156364,0.184936932755,0.115151515152,0.030303030303,0.0848484848485,0.00592853467663,0.358437240233,0.00150157724434,0.103789691951,0.0517426780628,0.00902647930905,0.164558849323,1167.0,4875.0,1298.0,1833.0
publishing_literature,0.454545454545,0.254545454545,0.2,14301.0,11461.0,0.00808043299673,0.50333716916,0.00915997680279,0.0543078517143,0.039839229955,0.010947357516,0.105094439185,0.224242424242,0.0909090909091,0.133333333333,0.0302250829899,0.398153277932,0.00677815827307,0.0984142911786,0.073836296423,0.0176575291683,0.18990811677,9537.0,12900.0,6218.0,1691.0
skateboarding,0.0606060606061,0.0121212121212,0.0484848484848,1216.0,1878.0,8.18968600243e-05,0.38418972332,0.00157720077299,0.228485059182,0.0639978429752,0.0131414626268,0.305624364784,0.0666666666667,0.0181818181818,0.0484848484848,0.0128343449453,0.30323488045,0.00319852752956,0.25991125699,0.00791228557652,0.00184522298376,0.26966876555,2079.0,2465.0,613.0,363.0
agriculture,0.284848484848,0.127272727273,0.157575757576,5446.0,7222.0,0.00042260040373,0.480527327657,0.00362856820878,0.053851082001,0.0484840608975,0.0142032933737,0.116538436272,0.121212121212,0.0242424242424,0.0969696969697,0.00174045747232,0.38024691358,0.00135878380958,0.0836697165926,0.0364019226962,0.0107207094782,0.130792348767,1287.0,5600.0,1078.0,1001.0
insurance,0.151515151515,0.0424242424242,0.109090909091,1574.0,4495.0,0.00153642461965,0.471971944969,0.00172761149885,0.0871171998211,0.0556540998969,0.0104405606431,0.153211860361,0.0727272727273,0.0121212121212,0.0606060606061,0.000253087542069,0.33194765204,0.00115466259375,0.111134742753,0.0316186003547,0.00409430599918,0.146847649107,321.0,2402.0,196.0,586.0
php,0.0181818181818,0.00606060606061,0.0121212121212,117.0,471.0,0.0,0.364804003336,0.000977478821303,0.327308644546,0.0382637290555,0.0024777230127,0.368050096615,0.0909090909091,0.0242424242424,0.0666666666667,0.00233001022583,0.315897435897,0.00174859458868,0.139812183519,0.170611323149,0.0678088579703,0.378232364638,1079.0,3539.0,253.0,1511.0
sociology,0.121212121212,0.0242424242424,0.0969696969697,957.0,3823.0,0.000214261051202,0.466435617169,0.00138614799249,0.0981867876963,0.0378161229701,0.00777937365666,0.143782284323,0.0606060606061,0.0121212121212,0.0484848484848,0.00105264974726,0.340600315956,0.0011812920516,0.148980240174,0.0484424076335,0.00919277474251,0.20661542255,679.0,2785.0,1120.0,2600.0
jokes,0.145454545455,0.0848484848485,0.0606060606061,2472.0,2156.0,0.000982679784332,0.454441558442,0.00588827372029,0.0885904837639,0.0258648595343,0.00251493188724,0.116970275185,0.0484848484848,0.0121212121212,0.0363636363636,8.4710924422e-06,0.311785972523,0.00355033818075,0.367229417472,0.039517625238,0.00584923459707,0.412596277307,634.0,2068.0,2033.0,673.0
multimedia,0.115151515152,0.0424242424242,0.0727272727273,1592.0,3332.0,0.000170040854136,0.457053291536,0.00248944579181,0.154030623726,0.027305699185,0.00431192004234,0.185648242953,0.0848484848485,0.0242424242424,0.0606060606061,0.00102265186264,0.344684252598,0.0036996239958,0.160027888625,0.0355891762417,0.0073893620898,0.203006426956,1396.0,4944.0,1906.0,1781.0
religion,0.206060606061,0.0787878787879,0.127272727273,2587.0,4999.0,0.00726038250516,0.473376623377,0.00286011739494,0.0633119698413,0.0445094507663,0.0120484797506,0.119869900358,0.0727272727273,0.0181818181818,0.0545454545455,0.000895175602355,0.33194765204,0.00109942240609,0.136989007025,0.0483614875969,0.00536273095432,0.190713225576,810.0,3181.0,812.0,777.0
innovation,0.593939393939,0.327272727273,0.266666666667,15148.0,13468.0,0.0078926657983,0.526670680313,0.0096406945422,0.0316331986875,0.0378987554061,0.0129094388572,0.0824413929508,0.290909090909,0.151515151515,0.139393939394,0.0414449622622,0.403745318352,0.00628654281206,0.0519296372569,0.0377622510427,0.0111847455063,0.100876633806,8173.0,9455.0,3340.0,2574.0
dating,0.30303030303,0.0969696969697,0.206060606061,3985.0,7866.0,0.000250610853334,0.495497026338,0.00286511760382,0.0481126933437,0.0450179337415,0.0125551329376,0.105685760023,0.115151515152,0.00606060606061,0.109090909091,0.000425495310948,0.38431372549,0.000992258813154,0.0679554165258,0.0387864638549,0.00894831493797,0.115690195319,241.0,4256.0,163.0,804.0
racing,0.0181818181818,0.0121212121212,0.00606060606061,572.0,116.0,3.41686317296e-05,0.263772048847,0.00116281545736,0.0284275283937,0.0,0.0,0.0284275283937,0.115151515152,0.0424242424242,0.0727272727273,0.0206916386691,0.332716049383,0.0024617754337,0.0930896100812,0.0142908483062,0.00372001188424,0.111100470272,2007.0,3312.0,528.0,442.0
biology,0.121212121212,0.0484848484848,0.0727272727273,2078.0,2697.0,0.0012372596116,0.419668985368,0.00201249308926,0.10716329048,0.0528588808205,0.0112246211902,0.171246792491,0.10303030303,0.0424242424242,0.0606060606061,0.0128932365366,0.343859649123,0.00240950968882,0.126874293037,0.029125920574,0.00680842439797,0.162808638009,1744.0,2032.0,1227.0,1543.0
highered,0.10303030303,0.0424242424242,0.0606060606061,2700.0,3430.0,0.000303824857,0.457053291536,0.00241577148484,0.162587573749,0.0813923893487,0.0120444269831,0.256024390081,0.157575757576,0.0363636363636,0.121212121212,0.0101868239722,0.388468468468,0.00208745839986,0.0886189740973,0.0382989023088,0.0115491130589,0.138466989465,2345.0,6375.0,1261.0,1206.0
reporter,0.424242424242,0.272727272727,0.151515151515,10883.0,8711.0,0.0145444897265,0.483448466427,0.0128010963051,0.0448252636618,0.0270786635996,0.00490492824405,0.0768088555054,0.224242424242,0.115151515152,0.109090909091,0.0172123773052,0.369494430163,0.0203350997826,0.20994897293,0.0494586625682,0.00619312560693,0.265600761106,4995.0,11160.0,5554.0,3001.0
marketing,1.46666666667,0.739393939394,0.727272727273,67244.0,58431.0,0.214636621708,0.761026533275,0.0411811457258,0.015644503362,0.0260517046966,0.0137567841271,0.0554529921856,0.412121212121,0.248484848485,0.163636363636,0.0540147134763,0.411843361987,0.014742841607,0.0615562808322,0.0371331418981,0.0131476306781,0.111837053408,28418.0,13173.0,3377.0,1479.0
dental,0.0606060606061,0.0121212121212,0.0484848484848,426.0,1588.0,0.0,0.451859504132,0.00113214522415,0.162994095946,0.0459496046561,0.00391365861729,0.212857359219,0.0121212121212,0.0,0.0121212121212,0.0,0.305895085307,0.000903614457831,0.5,0.00544893454496,1.50998698518e-05,0.505464034415,0,654.0,27.0,430.0
guitar,0.175757575758,0.0606060606061,0.115151515152,2078.0,4169.0,0.00707096216461,0.473376623377,0.00197476912222,0.0755116545905,0.0446239888428,0.00760113451951,0.127736777953,0.0242424242424,0.00606060606061,0.0181818181818,0.0,0.269668542839,0.00125804968991,0.358879868876,0.113174701077,0.0113423295308,0.483396899483,178.0,1026.0,254.0,306.0
basketball,0.2,0.145454545455,0.0545454545455,5643.0,2664.0,0.00683220459737,0.393699369937,0.00991633073708,0.0601255981904,0.0157040438712,0.00267724152081,0.0785068835824,0.175757575758,0.139393939394,0.0363636363636,0.00421480280252,0.310439164867,0.0154541908025,0.0733584487535,0.0141735640312,0.0011552033048,0.0886872160895,5413.0,2187.0,1963.0,642.0
poverty,0.284848484848,0.121212121212,0.163636363636,5176.0,8641.0,0.0018230688432,0.487897378695,0.00376496283701,0.0680586547482,0.0464373697197,0.0117099020478,0.126205926516,0.157575757576,0.0484848484848,0.109090909091,0.00790513942629,0.389521228546,0.0022390203717,0.112980542453,0.071722807974,0.0167736345349,0.201476984962,3090.0,9630.0,2363.0,2653.0
drums,0.0484848484848,0.0121212121212,0.0363636363636,331.0,1267.0,4.61936437546e-06,0.335558112773,0.00104155778403,0.188712110413,0.0648624930003,0.00691484080661,0.26048944422,0.0606060606061,0.030303030303,0.030303030303,0.00635088492351,0.278552971576,0.00421433567836,0.196393562629,0.0813572978317,0.0101955808191,0.28794644128,730.0,1799.0,215.0,498.0
cycling,0.0545454545455,0.0484848484848,0.00606060606061,1386.0,122.0,0.000242032939117,0.311871657754,0.00246730307914,0.0579442794926,0.0,0.0,0.0579442794926,0.0606060606061,0.0424242424242,0.0181818181818,0.00390209892319,0.281278538813,0.00387902273261,0.251806217302,0.0235318020237,0.000726104450553,0.276064123776,2358.0,801.0,896.0,276.0
realitytv,0.193939393939,0.127272727273,0.0666666666667,4901.0,3236.0,0.000315567319926,0.396644751757,0.00752736176576,0.0510741991231,0.0300584213966,0.00590528685182,0.0870379073715,0.248484848485,0.139393939394,0.109090909091,0.015422343961,0.36388185654,0.0176217033576,0.0588863714197,0.0646050038593,0.0215095109694,0.145000886248,8613.0,5977.0,977.0,1158.0
anthropology,0.127272727273,0.0424242424242,0.0848484848485,1896.0,3545.0,0.00227308696159,0.465071770335,0.00191042400219,0.119534843391,0.0483796849183,0.0221947955218,0.190109323831,0.139393939394,0.0363636363636,0.10303030303,0.0162318029403,0.38431372549,0.00194295506213,0.0867145151902,0.0403206298945,0.0124143465805,0.139449491665,1693.0,4908.0,1338.0,2908.0
rugby,0.0181818181818,0.0,0.0181818181818,0,517.0,0.0,0.2922400044,0.000903614457831,0.346101036706,0.092615604726,0.00651863306653,0.445235274498,0.030303030303,0.0121212121212,0.0181818181818,0.000234417191678,0.282383759005,0.0014984575891,0.228406977572,0.0576809074713,0.00858867920813,0.294676564251,470.0,855.0,199.0,189.0
realestate,1.10909090909,0.533333333333,0.575757575758,32057.0,36823.0,0.0631941341401,0.665500190186,0.0199655838312,0.017845789813,0.0326770153235,0.0174801778664,0.0680029830029,0.0545454545455,0.00606060606061,0.0484848484848,1.84774575018e-06,0.331182795699,0.00101396473408,0.173969249371,0.0465497305533,0.0058938668735,0.226412846798,116.0,3938.0,171.0,557.0
theatre_theater,0.0848484848485,0.0242424242424,0.0606060606061,814.0,2430.0,0.000452434315668,0.402669735328,0.00126434276127,0.107236769086,0.0375618195106,0.00642652781892,0.151225116416,0.10303030303,0.0363636363636,0.0666666666667,0.0087651107986,0.32445447705,0.00241332594606,0.12817188097,0.0356810085836,0.00654775127073,0.170400640825,1217.0,3911.0,685.0,567.0
vegetarian,0.369696969697,0.157575757576,0.212121212121,6977.0,9672.0,0.000379442618022,0.500171526587,0.00394408172404,0.0392169029702,0.0455936399548,0.0148430051929,0.0996535481179,0.10303030303,0.0181818181818,0.0848484848485,0.00118020850747,0.374305555556,0.00110440141279,0.0906074406167,0.0910696869543,0.028410660675,0.210087788246,506.0,3495.0,447.0,1314.0
food_chef,0.436363636364,0.254545454545,0.181818181818,19462.0,9360.0,0.00277664978763,0.492428933296,0.0105198351548,0.0617253926834,0.0498762738818,0.0139105094016,0.125512175967,0.242424242424,0.145454545455,0.0969696969697,0.0167023862452,0.370446735395,0.0082123196476,0.156800091359,0.106637597183,0.0211553390462,0.284593027588,14557.0,7396.0,3952.0,1644.0
lawyer_legal,0.424242424242,0.181818181818,0.242424242424,7855.0,10747.0,0.00147997848752,0.516410861865,0.00570262740447,0.0417900556501,0.0465295978178,0.0143311269055,0.102650780373,0.109090909091,0.0363636363636,0.0727272727273,0.00132927716558,0.34802259887,0.00151748464324,0.100472105522,0.0398553135378,0.00605694479812,0.146384363858,1678.0,4368.0,353.0,1255.0
advertising,0.460606060606,0.2,0.260606060606,9900.0,12979.0,0.00729435295015,0.524932493249,0.00658995403742,0.0471113325519,0.0477716946434,0.0139406850166,0.108823712212,0.175757575758,0.0545454545455,0.121212121212,0.00357096241758,0.391643960036,0.00330394543546,0.0702269724883,0.0664034346234,0.0167265498943,0.153356957006,3373.0,8450.0,2616.0,1103.0
hospitality,0.430303030303,0.181818181818,0.248484848485,8283.0,12828.0,0.00311863942978,0.524932493249,0.00522755099885,0.0373158160934,0.0414473497199,0.0147920073961,0.0935551732094,0.145454545455,0.0484848484848,0.0969696969697,0.00422181571967,0.364805414552,0.00191489561773,0.0905507300762,0.027767401959,0.00511607050898,0.123434202544,1555.0,8075.0,644.0,418.0
documentary,0.193939393939,0.0606060606061,0.133333333333,2397.0,6267.0,0.000712191756577,0.477641277641,0.00262962155283,0.0938431460692,0.0632379831785,0.0193100896758,0.176391218924,0.145454545455,0.0424242424242,0.10303030303,0.00458750756856,0.386379928315,0.00337457349886,0.0761567111765,0.0248840200602,0.00584999653666,0.106890727773,3553.0,5603.0,1906.0,1718.0
swimming,0.0181818181818,0.00606060606061,0.0121212121212,124.0,300.0,0.0,0.290245520902,0.00096005624141,0.254761480954,0.00760689877747,0.000112819147178,0.262481198879,0.0363636363636,0.00606060606061,0.030303030303,0.00353153332653,0.294535519126,0.00129777013317,0.263394614044,0.0624741915919,0.00477697385238,0.330645779488,119.0,1267.0,153.0,375.0
cancer,0.454545454545,0.169696969697,0.284848484848,7617.0,12741.0,0.00516158581742,0.53195500152,0.00482979111751,0.0381603572504,0.0432369336858,0.0144091971023,0.0958064880385,0.157575757576,0.0545454545455,0.10303030303,0.0188877654642,0.385344057194,0.00712518089833,0.0943466549072,0.0477228243628,0.00918887645153,0.151258355721,3581.0,5320.0,1035.0,2513.0
psychology_mentalhealth,0.442424242424,0.218181818182,0.224242424242,9649.0,10934.0,0.00313051372763,0.508161487075,0.00575246668456,0.0384932853532,0.0389643403747,0.0141763745287,0.0916340002567,0.139393939394,0.0363636363636,0.10303030303,0.01526057989,0.391643960036,0.00194729774943,0.0918824677448,0.0263419031198,0.00471002217291,0.122934393038,1972.0,6577.0,1650.0,1636.0
airlines_aviation,0.163636363636,0.0666666666667,0.0969696969697,2633.0,3895.0,4.44130504142e-05,0.458370447996,0.00239005041617,0.102055404059,0.0409738105045,0.00784886218666,0.15087807675,0.121212121212,0.0848484848485,0.0363636363636,0.0017805459927,0.315204678363,0.00274889114904,0.0597127844098,0.0105622975166,0.00251803782159,0.0727931197479,2785.0,1175.0,319.0,345.0
fantasy,0.0484848484848,0.00606060606061,0.0424242424242,280.0,4350.0,0.000157182882522,0.342789968652,0.00117759712688,0.267775844455,0.0906506936844,0.0215996316753,0.380026169815,0.0424242424242,0.0121212121212,0.030303030303,0.00104068178291,0.293333333333,0.00212722962266,0.371563518548,0.0456818229459,0.00907701737849,0.426322358872,631.0,3510.0,518.0,3126.0
weather,0.115151515152,0.0606060606061,0.0545454545455,1494.0,1793.0,8.5915739498e-05,0.451859504132,0.00232444507959,0.0876261260607,0.0268402500257,0.00243340535391,0.11689978144,0.0424242424242,0.0121212121212,0.030303030303,0.000266401102891,0.322996254682,0.00327884656343,0.310622302375,0.0263786129367,0.00112477411455,0.338125689426,406.0,1718.0,1959.0,539.0
composer,0.0727272727273,0.0121212121212,0.0606060606061,620.0,2254.0,0.00634461764728,0.399634536318,0.00155494888644,0.149571494778,0.0388291130417,0.00519659296081,0.19359720078,0.0909090909091,0.0242424242424,0.0666666666667,0.011858057769,0.321551081283,0.00254047849179,0.169202338325,0.0495671754744,0.0267551713038,0.245524685103,1101.0,2739.0,191.0,1134.0
toys,0.0606060606061,0.0181818181818,0.0424242424242,472.0,1374.0,0.000412085292728,0.396644751757,0.00111618022532,0.14210779302,0.0401074602895,0.00564399525763,0.187859248567,0.0424242424242,0.0,0.0424242424242,0.0,0.356877599525,0.000903614457831,0.162352652527,0.0645283686744,0.0102709344732,0.237151955675,0,1387.0,211.0,537.0
pregnancy,0.145454545455,0.0545454545455,0.0909090909091,2953.0,4800.0,0.000103712337721,0.463715875961,0.00207790450502,0.22068964737,0.0572155958472,0.00902529438356,0.286930537601,0.0363636363636,0.0121212121212,0.0242424242424,1.72456270017e-05,0.319407407407,0.00115975870973,0.567645149253,0.0104812708723,0.00293700643069,0.581063426556,743.0,2242.0,308.0,549.0
sustainability_ecology,0.690909090909,0.29696969697,0.393939393939,21810.0,26256.0,0.0151881477337,0.56603041087,0.0118229792782,0.0392290546129,0.0401928829409,0.0149786681472,0.094400605701,0.30303030303,0.109090909091,0.193939393939,0.0414112030618,0.431631631632,0.00610832925204,0.0835838879094,0.0584441614839,0.01762142618,0.159649475573,9599.0,14757.0,3103.0,4257.0
management,0.236363636364,0.127272727273,0.109090909091,6512.0,5741.0,0.000158260326459,0.470575578268,0.00466069016553,0.0740132368911,0.0526811889212,0.0110441384089,0.137738564221,0.163636363636,0.0666666666667,0.0969696969697,0.00253498049534,0.367604433078,0.00307977814976,0.0963944614973,0.0425746182159,0.0111323434141,0.150101423127,3871.0,5585.0,1796.0,1156.0
java,0.030303030303,0.00606060606061,0.0242424242424,144.0,811.0,0.0,0.369894291755,0.000994524443643,0.256529152161,0.151003597827,0.0288921458004,0.436424895789,0.0484848484848,0.0121212121212,0.0363636363636,0.000105649901933,0.303875968992,0.00136821601189,0.294146946028,0.118017488957,0.0409689368745,0.453133371859,733.0,1882.0,703.0,1441.0
housing,0.0727272727273,0.0242424242424,0.0484848484848,1168.0,1965.0,3.33487445461e-05,0.386054721977,0.00140325885067,0.174463453355,0.068365120827,0.0111923414572,0.254020915639,0.0424242424242,0.0121212121212,0.030303030303,7.69454123113e-05,0.309770114943,0.00112528441806,0.263180995288,0.055307804107,0.00637508053976,0.324863879934,734.0,1956.0,749.0,608.0
tennis,0.0363636363636,0.0121212121212,0.0242424242424,257.0,586.0,1.23183050012e-05,0.35034040849,0.00180574235677,0.22788887341,0.0295509071394,0.00254914495909,0.259988925509,0.0545454545455,0.0121212121212,0.0424242424242,0.000901254151655,0.301960784314,0.00133505084931,0.171934453608,0.0634312818667,0.013091774289,0.248457509764,411.0,1517.0,216.0,251.0
perl,0.030303030303,0.0,0.030303030303,0,1032.0,0.0,0.371023600056,0.000903614457831,0.213486268854,0.106832405153,0.0145854596339,0.334904133641,0.0606060606061,0.0,0.0606060606061,0.0,0.343410520297,0.000903614457831,0.11361451895,0.0868610744291,0.0226502704458,0.223125863825,0,2821.0,220.0,1340.0
mathematics,0.0242424242424,0.00606060606061,0.0181818181818,251.0,680.0,1.6797688638e-06,0.376015473888,0.00106541213595,0.45179120888,0.0184733877918,0.00109259174944,0.471357188421,0.0363636363636,0.0,0.0363636363636,0.0,0.324289667274,0.000903614457831,0.187464296245,0.0489231636391,0.00554562864754,0.241933088532,0,1209.0,879.0,740.0
beer,0.133333333333,0.0545454545455,0.0787878787879,2601.0,3699.0,1.05585471439e-06,0.454441558442,0.00216232288011,0.111605593348,0.0665716136491,0.0133265856359,0.191503792633,0.0606060606061,0.0181818181818,0.0424242424242,0.00134610258949,0.330421455939,0.00142856026986,0.16609050884,0.0478414465273,0.00909839188136,0.223030347248,899.0,1372.0,282.0,225.0
exercise_fitness,0.830303030303,0.375757575758,0.454545454545,20752.0,22701.0,0.028645119619,0.602479338843,0.0121564034117,0.0245815339367,0.0332505117593,0.0151476208322,0.0729796665281,0.218181818182,0.10303030303,0.115151515152,0.0377358548995,0.399259259259,0.00654104686152,0.108507340026,0.0204938981315,0.00664652804687,0.135647766205,5822.0,6701.0,2077.0,1303.0
developer,0.175757575758,0.115151515152,0.0606060606061,5946.0,3035.0,0.00488635649501,0.451859504132,0.0094522756418,0.0672716744145,0.0398668424279,0.0119577257169,0.119096242559,0.181818181818,0.0969696969697,0.0848484848485,0.027176021643,0.330421455939,0.0143646630107,0.130805878709,0.0801643714859,0.0195755995205,0.230545849716,13534.0,10539.0,3322.0,2980.0
restaurant_dining,0.418181818182,0.157575757576,0.260606060606,8134.0,12623.0,0.00126824065132,0.518092981937,0.00523654368466,0.0451920696516,0.0509886107362,0.0171406884283,0.113321368816,0.218181818182,0.121212121212,0.0969696969697,0.0155661858659,0.378245614035,0.00276818519383,0.0597489173465,0.0320231461957,0.00971385513017,0.101485918672,4247.0,4199.0,922.0,927.0
nutrition,0.472727272727,0.212121212121,0.260606060606,12699.0,16760.0,0.00205458138402,0.513079178886,0.00681373631041,0.0445842612834,0.0446146261814,0.0155528180344,0.104751705499,0.127272727273,0.0484848484848,0.0787878787879,0.00642057116873,0.354897119342,0.00286700960368,0.128492870656,0.0422435976226,0.00882247332623,0.179558941605,3346.0,8966.0,1922.0,2174.0
jewish,0.193939393939,0.0606060606061,0.133333333333,1981.0,5505.0,7.41537542939e-05,0.476211213936,0.00233848154178,0.0623217663264,0.0408911870816,0.00897594160388,0.112188895012,0.10303030303,0.0121212121212,0.0909090909091,0.00216916114767,0.372366148532,0.00104106405487,0.0996507556027,0.0451416687254,0.00582325916609,0.150615683494,332.0,3851.0,642.0,1135.0
wrestling,0.0181818181818,0.0,0.0181818181818,0,626.0,0.0,0.289611946806,0.000903614457831,0.380783717298,0.0475776069553,0.00176368198879,0.430125006242,0.109090909091,0.0363636363636,0.0727272727273,0.00780610267687,0.32445447705,0.00292428317155,0.0776193729974,0.0434090320807,0.00861703992754,0.129645445006,1022.0,2245.0,592.0,469.0
healthcare_medicine,0.369696969697,0.206060606061,0.163636363636,15656.0,9420.0,0.00510826464276,0.487897378695,0.0086821418479,0.0689173344998,0.0412350512875,0.0123634775664,0.122515863354,0.157575757576,0.0727272727273,0.0848484848485,0.0134723275098,0.374305555556,0.00451806412406,0.11817664428,0.0334628205991,0.00778140728803,0.159420872167,8173.0,6193.0,3340.0,2602.0
army_military_veteran,0.321212121212,0.151515151515,0.169696969697,5475.0,7045.0,0.00140474324113,0.495497026338,0.00573838687174,0.0505228949974,0.039478483826,0.00908179990577,0.0990831787292,0.0969696969697,0.0181818181818,0.0787878787879,0.0120376171526,0.377252843395,0.0036060676651,0.164144446623,0.0738888404609,0.0103345526301,0.248367839714,562.0,3882.0,1282.0,718.0
construction,0.193939393939,0.0848484848485,0.109090909091,4108.0,6538.0,0.00194530716877,0.467807486631,0.00291205112849,0.0887464989907,0.0500370442215,0.0127126453003,0.151496188512,0.10303030303,0.0242424242424,0.0787878787879,0.00223165507448,0.356658395368,0.00180818849921,0.144189684224,0.040759044318,0.0179620684328,0.202910796975,1626.0,4212.0,386.0,1380.0
charity_philanthropy,0.709090909091,0.345454545455,0.363636363636,18246.0,19737.0,0.016679479156,0.562030195952,0.0104355885879,0.0248323859183,0.0301203277292,0.0122039919267,0.0671567055742,0.381818181818,0.218181818182,0.163636363636,0.0713907123242,0.432931726908,0.00762161353629,0.043088685244,0.0315801396122,0.00855221826081,0.083221043117,10985.0,12383.0,4624.0,2869.0
ruby,0.0727272727273,0.0363636363636,0.0363636363636,1355.0,1538.0,0.00619933363836,0.369894291755,0.00305134426008,0.171757065489,0.0908821164301,0.0179419656185,0.280581147538,0.10303030303,0.0424242424242,0.0606060606061,0.0107736406373,0.316593245228,0.00390986860922,0.246528743372,0.153816169421,0.0513228519903,0.451667764783,3853.0,4322.0,1481.0,1253.0
piano,0.0242424242424,0.00606060606061,0.0181818181818,373.0,715.0,0.000100216457227,0.439377197388,0.00112233519631,0.573495620675,0.0503770517748,0.0108046224407,0.63467729489,0.0363636363636,0.0121212121212,0.0242424242424,0.000214090182217,0.274824729127,0.00149997791116,0.401023565912,0.0812225469088,0.0297088713306,0.511954984152,839.0,970.0,70.0,547.0
ipad,0.133333333333,0.0606060606061,0.0727272727273,2683.0,3758.0,0.000128321076353,0.454441558442,0.0047003217151,0.114954724649,0.0763458803538,0.016605811081,0.207906416084,0.133333333333,0.0727272727273,0.0606060606061,0.00298958076175,0.32011878248,0.00956869383919,0.221947689822,0.0963929195112,0.0209901308486,0.339330740182,5573.0,6982.0,1182.0,1678.0
publicrelations,0.557575757576,0.236363636364,0.321212121212,12481.0,19937.0,0.00450523730297,0.541001855288,0.00846870125236,0.0492581193511,0.0480047245864,0.0140479315639,0.111310775501,0.230303030303,0.0484848484848,0.181818181818,0.00717775334941,0.415414258189,0.00342261307373,0.150879163606,0.0619812570734,0.0170520241708,0.229912444851,3311.0,16361.0,851.0,1373.0
beauty_fashion_shopping,0.284848484848,0.181818181818,0.10303030303,8274.0,6012.0,0.00152770971447,0.463715875961,0.00864360928036,0.0966710849179,0.0282680179067,0.00500097930622,0.129940082131,0.121212121212,0.0606060606061,0.0606060606061,0.000316118850551,0.335825545171,0.00671404688891,0.297866303611,0.0763700664904,0.0151271707432,0.389363540845,8062.0,10008.0,1690.0,1468.0
genealogy,0.10303030303,0.030303030303,0.0727272727273,1282.0,3548.0,0.00158526611929,0.458370447996,0.00164430492181,0.255430045994,0.0727706206815,0.0150816882965,0.343282354973,0.0424242424242,0.00606060606061,0.0363636363636,1.09880794381e-05,0.318699186992,0.00109112285763,0.358298060942,0.0737836416825,0.0179539919476,0.450035694572,213.0,1687.0,117.0,1298.0
comics,0.0848484848485,0.0606060606061,0.0242424242424,2084.0,1075.0,0.000215215681204,0.370756516211,0.00466529262039,0.0670520250908,0.0136788556424,0.000834135398285,0.0815650161314,0.163636363636,0.0909090909091,0.0727272727273,0.00648142883968,0.341409342835,0.00637767049046,0.0775681493655,0.0462249775269,0.0155469112412,0.139340038134,3806.0,3492.0,1553.0,1721.0
recipes_cooking,0.50303030303,0.224242424242,0.278787878788,15986.0,19699.0,0.00182741482392,0.521490312966,0.00891642735299,0.0502062673037,0.0497955406937,0.0165279116444,0.116529719642,0.145454545455,0.0606060606061,0.0848484848485,0.0054450663974,0.360233918129,0.00483973584698,0.283198077051,0.164267882352,0.0276251994353,0.475091158839,7145.0,9792.0,1125.0,2873.0
marriage,0.2,0.0848484848485,0.115151515152,4082.0,5642.0,0.000226598313493,0.471971944969,0.00273290807458,0.0765776737841,0.0505976753667,0.0124507981292,0.13962614728,0.0909090909091,0.030303030303,0.0606060606061,0.00771841958921,0.350569105691,0.00115192225473,0.120994225621,0.0292129588748,0.00641268734073,0.156619871836,880.0,2662.0,367.0,319.0
linux_opensource,0.0363636363636,0.0121212121212,0.0242424242424,243.0,698.0,0.0,0.439377197388,0.00130161996878,0.314508159972,0.0508037369435,0.00258916929625,0.367901066212,0.0181818181818,0.00606060606061,0.0121212121212,0.0,0.297584541063,0.00103574779962,0.266642478607,0.0067031731529,4.44903081546e-05,0.273390142068,151.0,358.0,411.0,85.0
newspaper,0.442424242424,0.309090909091,0.133333333333,9790.0,4345.0,0.00387406735626,0.476211213936,0.00812818380055,0.0214382735382,0.0150421565701,0.00293503142584,0.0394154615342,0.648484848485,0.618181818182,0.030303030303,0.0168227082959,0.320833333333,0.0454889411307,0.00411466017477,5.43053575084e-05,1.25162010783e-06,0.00417021715238,47524.0,1093.0,2091.0,1576.0
trading,0.145454545455,0.0727272727273,0.0727272727273,2548.0,3625.0,7.29989681575e-05,0.455743683251,0.00389123782075,0.103893622433,0.0441661836105,0.00828253552677,0.156342341571,0.0545454545455,0.0181818181818,0.0363636363636,0.00035799835864,0.313828238719,0.00465302479799,0.311274097154,0.0335629918564,0.0202351990007,0.365072288011,1730.0,2199.0,283.0,3086.0
hacking,0.0242424242424,0.0121212121212,0.0121212121212,297.0,397.0,0.0,0.363138231631,0.00155994742193,0.526576086505,0.106289952187,0.00678151224103,0.639647550933,0.0363636363636,0.0121212121212,0.0242424242424,0.000410223727199,0.306467661692,0.00176549972974,0.378701790634,0.028085055545,0.00437074697597,0.411157593155,549.0,1299.0,1689.0,1487.0
nature,0.684848484848,0.321212121212,0.363636363636,18461.0,20682.0,0.0139412086331,0.552272727273,0.0100328227034,0.0329976120102,0.0384405405491,0.0154446959681,0.0868828485274,0.2,0.0727272727273,0.127272727273,0.0344283669572,0.403745318352,0.00330325050798,0.106102304131,0.0527606522375,0.0114488561615,0.17031181253,6374.0,10180.0,2437.0,2727.0
history,0.260606060606,0.121212121212,0.139393939394,6104.0,6091.0,0.0103646968107,0.483448466427,0.00445500184786,0.0906771657302,0.0351091567642,0.0106272313449,0.136413553839,0.0848484848485,0.0242424242424,0.0606060606061,0.00941750977423,0.344684252598,0.00187353049054,0.160288036352,0.0687504317084,0.0193698045299,0.24840827259,1804.0,1809.0,3266.0,767.0
astronomy_physics,0.115151515152,0.0848484848485,0.030303030303,2560.0,728.0,0.000171081246406,0.444286439817,0.00261351440748,0.025046101432,0.00257121660359,8.17880208464e-05,0.0276991060565,0.0848484848485,0.0545454545455,0.030303030303,0.00937190344385,0.336612021858,0.00313273673271,0.0890370986624,0.0135196062915,0.000783678799815,0.103340383754,1403.0,1384.0,1823.0,611.0
liberal,0.606060606061,0.387878787879,0.218181818182,16697.0,11603.0,0.0102211582071,0.511429406606,0.0151297553889,0.0305555144901,0.0293847196661,0.0088776461297,0.068817880286,0.230303030303,0.145454545455,0.0848484848485,0.0179797872359,0.361139028476,0.0168385655066,0.140946952844,0.0707002543565,0.0109204759451,0.222567683145,7776.0,10488.0,4190.0,11521.0
nursing,0.115151515152,0.0363636363636,0.0787878787879,1799.0,5037.0,3.85286282853e-05,0.461027667984,0.00192700539804,0.233281167988,0.0960378909206,0.0219870667194,0.351306125628,0.0545454545455,0.00606060606061,0.0484848484848,0.000631469909602,0.338993710692,0.00112313415741,0.375870599485,0.0606626097851,0.0351413380624,0.471674547333,354.0,3237.0,473.0,1114.0
cinema,0.145454545455,0.0606060606061,0.0848484848485,4219.0,3989.0,0.00166889709186,0.458370447996,0.00430478439651,0.0930608337703,0.0892464827961,0.0243240043687,0.206631320935,0.133333333333,0.0484848484848,0.0848484848485,0.00212124293702,0.336612021858,0.00306036051172,0.0786901036715,0.0708609414135,0.0181596102823,0.167710655367,2794.0,4382.0,2432.0,1211.0
screenwriter,0.248484848485,0.10303030303,0.145454545455,4947.0,8210.0,0.00123062704969,0.477641277641,0.00518145114684,0.0630599116964,0.0544266208297,0.0146043665348,0.132090899061,0.145454545455,0.0484848484848,0.0969696969697,0.0060461350883,0.355775577558,0.00481480561734,0.120261723781,0.0920831018667,0.0261722862352,0.238517111883,3033.0,6634.0,1030.0,5505.0
baseball,0.0727272727273,0.030303030303,0.0424242424242,2269.0,2079.0,0.00699680665335,0.359851912793,0.00239331920648,0.22476713167,0.0831358942222,0.028595962006,0.336498987898,0.0666666666667,0.030303030303,0.0363636363636,0.00354533477813,0.301960784314,0.00271192949564,0.285469667119,0.0524554632472,0.0440885899952,0.382013720361,2289.0,1541.0,2843.0,1031.0
engineering,0.10303030303,0.0181818181818,0.0848484848485,755.0,3086.0,0.000626978842939,0.465071770335,0.00121878515998,0.101697446148,0.0386244119243,0.00781519509296,0.148137053165,0.0424242424242,0.00606060606061,0.0363636363636,0.00016902620866,0.320833333333,0.000933059305222,0.169012160641,0.0387942965168,0.00720680904372,0.215013266202,117.0,1252.0,847.0,652.0
accounting,0.139393939394,0.0484848484848,0.0909090909091,2347.0,4585.0,2.65032249511e-05,0.462367864693,0.00212137539448,0.0965021181778,0.0646376599109,0.0126544314575,0.173794209546,0.0606060606061,0.0,0.0606060606061,0.0,0.343410520297,0.000903614457831,0.144779972565,0.0500497604936,0.0126379668729,0.207467699932,0,2700.0,80.0,1083.0
outdoors_hiking,0.309090909091,0.127272727273,0.181818181818,7255.0,10528.0,0.00260712893591,0.497045454545,0.00477261151272,0.0761080722449,0.0492986346483,0.0136049210528,0.139011627946,0.0848484848485,0.0181818181818,0.0666666666667,0.00317774951853,0.364805414552,0.00205988045155,0.269662267836,0.0593254865952,0.016091567758,0.345079322189,2134.0,6085.0,984.0,1276.0
yoga,0.333333333333,0.121212121212,0.212121212121,5656.0,9510.0,0.00142931198288,0.500171526587,0.00364793624618,0.0546147014405,0.0440934838196,0.0128286364153,0.111536821675,0.0969696969697,0.030303030303,0.0666666666667,0.0145127766786,0.34802259887,0.00178957809282,0.129224852849,0.0866331774213,0.0232865018748,0.239144532145,1528.0,2781.0,542.0,1014.0
author,0.824242424242,0.418181818182,0.406060606061,22226.0,17823.0,0.0243061631337,0.574204135215,0.013852936162,0.0243610407683,0.0349707592365,0.0153592291255,0.0746910291303,0.254545454545,0.139393939394,0.115151515152,0.0260614452732,0.377252843395,0.0140674215807,0.0870614306338,0.0800001707722,0.0227604173692,0.189822018775,11083.0,8658.0,2870.0,3103.0
homeschool_school,0.218181818182,0.0969696969697,0.121212121212,3999.0,5304.0,0.000290530614381,0.477641277641,0.00264360863093,0.0970648156978,0.0611325665756,0.0124817300619,0.170679112335,0.0545454545455,0.0,0.0545454545455,0.0,0.343410520297,0.000903614457831,0.133228303154,0.0367123580774,0.00427959213999,0.174220253371,0,1884.0,390.0,647.0
peace,0.157575757576,0.0606060606061,0.0969696969697,3109.0,5216.0,1.60226617195e-05,0.466435617169,0.00235206210408,0.0953971484999,0.0713691716618,0.0156708807287,0.18243720089,0.0666666666667,0.0121212121212,0.0545454545455,0.0,0.349716139497,0.00108289793767,0.151762150385,0.119292725413,0.0324569148459,0.303511790645,793.0,2963.0,1033.0,1644.0
storage,0.0545454545455,0.0181818181818,0.0363636363636,611.0,1903.0,0.0180339985218,0.45057944888,0.00169422741421,0.253013355915,0.0659005615764,0.00493334444829,0.32384726194,0.0424242424242,0.00606060606061,0.0363636363636,7.48952976459e-05,0.320833333333,0.000978425478817,0.242186704998,0.0562894043882,0.00469127425912,0.303167383645,125.0,1458.0,120.0,640.0
magazine,0.557575757576,0.357575757576,0.2,13565.0,11097.0,0.00977841380353,0.501749354746,0.0142981147905,0.0410897907218,0.0203559520704,0.00547866085381,0.066924403646,0.321212121212,0.212121212121,0.109090909091,0.0180025858442,0.365733672604,0.0117824576948,0.146139327714,0.0489083310034,0.0119289738267,0.206976632544,10738.0,16792.0,3758.0,2170.0
romance,0.0606060606061,0.0181818181818,0.0424242424242,1721.0,3031.0,0.0,0.401652892562,0.00193573306749,0.255899961313,0.104022185141,0.0124707369528,0.372392883407,0.0545454545455,0.0242424242424,0.030303030303,1.75417373488e-05,0.307122507123,0.00398409184548,0.348488130243,0.189795471948,0.0362226724671,0.574506274658,4181.0,3661.0,490.0,4572.0
python,0.0363636363636,0.00606060606061,0.030303030303,205.0,1141.0,0.0,0.36903606834,0.00124932104958,0.249604242608,0.181200021509,0.0470912313425,0.477895495459,0.0909090909091,0.0363636363636,0.0545454545455,0.00743207137733,0.320833333333,0.00256374124766,0.167030003736,0.188977416418,0.0616538953469,0.4176613155,2100.0,3301.0,646.0,1162.0
buddhism,0.163636363636,0.0848484848485,0.0787878787879,4034.0,3075.0,9.97016106472e-05,0.458370447996,0.00263192462472,0.133302363825,0.0463144061248,0.0074251402066,0.187041910156,0.0727272727273,0.0181818181818,0.0545454545455,0.00109360498549,0.338993710692,0.00179333010326,0.290621342283,0.0764285544912,0.0103401553213,0.377390052096,1884.0,2634.0,1817.0,1388.0
animation,0.0787878787879,0.0242424242424,0.0545454545455,661.0,2521.0,0.00035173078585,0.382342657343,0.00179245206011,0.113111898679,0.0642840477209,0.0122312870472,0.189627233447,0.10303030303,0.030303030303,0.0727272727273,0.00239189155491,0.352287581699,0.00193110764027,0.142424901323,0.0745776046171,0.0162587297605,0.2332612357,892.0,3721.0,648.0,1023.0
finance_economics,0.30303030303,0.242424242424,0.0606060606061,11267.0,2780.0,0.000875318693766,0.451859504132,0.00930070305628,0.0298883566291,0.016395045624,0.00421707355687,0.05050047581,0.363636363636,0.309090909091,0.0545454545455,0.0250925626484,0.362048698573,0.0284782911196,0.0144252882973,0.00402410786547,0.000550521960229,0.018999918123,22057.0,2701.0,4426.0,894.0
gambling,0.169696969697,0.0666666666667,0.10303030303,2362.0,3737.0,0.0174005137604,0.474789687924,0.00216044166916,0.0790703998873,0.0292640695265,0.00448289288936,0.112817362303,0.0484848484848,0.00606060606061,0.0424242424242,0.000192278147353,0.301617401004,0.00132694906505,0.310161800929,0.0317085129275,0.00838463224519,0.350254946102,417.0,2028.0,390.0,628.0
photography,0.636363636364,0.369696969697,0.266666666667,14903.0,10589.0,0.00705814453617,0.518092981937,0.00910916064626,0.0265609629727,0.0288857929391,0.010684335205,0.0661310911168,0.0848484848485,0.030303030303,0.0545454545455,0.000811882015733,0.337402190923,0.00273956970804,0.143510273265,0.0363690572604,0.00955077362006,0.189430104145,1958.0,3653.0,2228.0,999.0
anime,0.0424242424242,0.00606060606061,0.0363636363636,133.0,1385.0,2.54217400686e-05,0.446782431052,0.000983290118886,0.182588038835,0.0650523126344,0.00938634837489,0.257026699844,0.0242424242424,0.00606060606061,0.0181818181818,2.49165714798e-05,0.264215686275,0.00107746270367,0.376127430471,0.0320410600897,0.00209922231425,0.410267712875,179.0,1232.0,136.0,1998.0
gaming,0.0848484848485,0.0363636363636,0.0484848484848,1194.0,1990.0,0.000393033263741,0.449306625578,0.0026262157958,0.114307699774,0.0285921223158,0.00272051857431,0.145620340664,0.109090909091,0.0666666666667,0.0424242424242,0.00245584182866,0.325188536953,0.00813423046683,0.113557682019,0.0282931755523,0.00534395868156,0.147194816253,2923.0,2029.0,855.0,608.0
poker,0.0363636363636,0.00606060606061,0.030303030303,612.0,966.0,6.03966956725e-06,0.359851912793,0.00120435348984,0.325213928526,0.0160855471622,0.00112421277387,0.342423688462,0.0363636363636,0.00606060606061,0.030303030303,0.000129252590912,0.302856076162,0.00137468791907,0.435732028325,0.0371566682414,0.010645909869,0.483534606435,847.0,1151.0,237.0,707.0
philosophy,0.181818181818,0.0727272727273,0.109090909091,2191.0,3524.0,0.000341486883109,0.470575578268,0.00206535039077,0.0640000183704,0.0457997902842,0.00990135134067,0.119701159995,0.0484848484848,0.0121212121212,0.0363636363636,0.000282258895024,0.321551081283,0.00110702222878,0.134806554427,0.0362980481819,0.0087921550069,0.179896757616,309.0,949.0,680.0,3264.0
musician_singer,0.4,0.351515151515,0.0484848484848,15470.0,1783.0,0.00330476112852,0.387937915743,0.0249383036273,0.01759956744,0.00687787037216,0.000806789864045,0.0252842276762,0.351515151515,0.266666666667,0.0848484848485,0.0231678424546,0.338196078431,0.037367753896,0.0541698075666,0.022607323233,0.0057295893197,0.0825067201193,20814.0,3918.0,1713.0,747.0
director,0.212121212121,0.127272727273,0.0848484848485,6633.0,4093.0,0.0092253393598,0.458370447996,0.0189594801803,0.0797473462081,0.0653211319697,0.0158332613062,0.160901739484,0.236363636364,0.10303030303,0.133333333333,0.0168547881606,0.355775577558,0.0150243809419,0.0847115308959,0.0524493687436,0.0153678531738,0.152528752813,9397.0,11377.0,3018.0,4453.0
parenting,0.793939393939,0.369696969697,0.424242424242,23702.0,28126.0,0.0198140464942,0.582617382617,0.0124114864111,0.0256057172897,0.0309175759386,0.0142840396183,0.0708073328466,0.242424242424,0.0848484848485,0.157575757576,0.0254148097505,0.402614379085,0.0033768810623,0.0667940696741,0.0271156736481,0.00877653461424,0.102686277936,6987.0,7743.0,1649.0,1912.0
running,0.115151515152,0.0545454545455,0.0606060606061,2311.0,2262.0,0.00617866361259,0.455743683251,0.00397061082939,0.155974975336,0.0520933922482,0.00676670616847,0.214835073753,0.0727272727273,0.0424242424242,0.030303030303,0.00567764051373,0.309770114943,0.00279708653499,0.181159798326,0.0284050014314,0.0128028985971,0.222367698355,1839.0,1541.0,538.0,1104.0
geography,0.109090909091,0.0363636363636,0.0727272727273,1073.0,2253.0,7.41549557605e-05,0.465071770335,0.00135635590165,0.0943518313953,0.0450627360217,0.0072828710116,0.146697438429,0.115151515152,0.0484848484848,0.0666666666667,0.00947094819216,0.358437240233,0.00209511306824,0.0788167838236,0.0261511694268,0.00380970714395,0.108777660394,1408.0,2722.0,1053.0,1076.0
islam,0.030303030303,0.00606060606061,0.0242424242424,366.0,647.0,0.0,0.38699402787,0.00108160656094,0.362615709498,0.0499179058647,0.00664597063146,0.419179585994,0.0363636363636,0.0,0.0363636363636,0.0,0.30525379582,0.000903614457831,0.262754614801,0.114205616078,0.0137774752549,0.390737706134,0,2155.0,189.0,427.0
neuroscience,0.10303030303,0.0484848484848,0.0545454545455,2145.0,2414.0,0.00208722371958,0.451859504132,0.00202588144282,0.193381494587,0.040673702501,0.00746262850281,0.241517825591,0.0727272727273,0.0242424242424,0.0484848484848,0.00391389731832,0.345512820513,0.00161231371316,0.20227651774,0.0311071953586,0.0113034914107,0.244687204509,1467.0,2367.0,2224.0,1828.0
magician,0.030303030303,0.00606060606061,0.0242424242424,152.0,1176.0,0.0,0.443048873132,0.000994672356179,0.264961578241,0.0275481972948,0.000782571219693,0.293292346755,0.0606060606061,0.00606060606061,0.0545454545455,0.0107410719135,0.346345381526,0.00236264914069,0.179670765595,0.0624241202536,0.00627240303818,0.248367288887,342.0,2295.0,202.0,674.0
lesbian,0.260606060606,0.0545454545455,0.206060606061,1637.0,7796.0,0.00835380712863,0.504935064935,0.00188513041294,0.038430116628,0.0353560948011,0.0097783540137,0.0835645654428,0.109090909091,0.0363636363636,0.0727272727273,0.00735031713141,0.343859649123,0.00444818420685,0.111396408636,0.0460799717667,0.00663818040852,0.164114560812,1223.0,3893.0,630.0,795.0
climbing,0.0969696969697,0.0424242424242,0.0545454545455,3088.0,2848.0,0.000281085503609,0.454441558442,0.00220259192819,0.299024244911,0.0726034374413,0.014117914546,0.385745596898,0.0666666666667,0.0242424242424,0.0424242424242,0.00404584011259,0.331182795699,0.00195858525445,0.407363200053,0.0964740684281,0.0548029391894,0.558640207671,2520.0,2381.0,761.0,876.0
surfing,0.0606060606061,0.0121212121212,0.0484848484848,675.0,2055.0,0.000391482497444,0.453146853147,0.00134623026653,0.25921453394,0.0670633985763,0.0134124722279,0.339690404744,0.0121212121212,0.00606060606061,0.00606060606061,0.0,0.229239766082,0.00195361384008,1.0,0.0,0.0,1.0,952.0,807.0,315.0,401.0
tvshows_drama_actor_hollywood,0.569696969697,0.515151515152,0.0545454545455,24198.0,2417.0,0.0058992505251,0.393699369937,0.0380839951002,0.00934123409099,0.0046462555777,0.000658337807581,0.0146458274763,0.448484848485,0.309090909091,0.139393939394,0.0513968958642,0.382269503546,0.0327186293065,0.0391766934389,0.0409750409256,0.0131964263446,0.0933481607091,19605.0,7910.0,3808.0,1333.0
database,0.0606060606061,0.0121212121212,0.0484848484848,347.0,1619.0,0.0126030135238,0.454441558442,0.00120247767144,0.122964247756,0.0833361510663,0.0210111228699,0.227311521692,0.0848484848485,0.030303030303,0.0545454545455,0.00700912835511,0.325188536953,0.00171026792242,0.17441683231,0.0920343396586,0.0473650965466,0.313816268515,1325.0,2429.0,1169.0,1403.0
blogs,0.442424242424,0.327272727273,0.115151515152,10721.0,5111.0,0.00373375382475,0.470575578268,0.0101921630048,0.0193779808632,0.0131766578396,0.00260717990755,0.0351618186104,0.412121212121,0.333333333333,0.0787878787879,0.0269174409606,0.356658395368,0.0198353738686,0.0134640458866,0.00508336453371,0.00125542897618,0.0198028393965,18970.0,4892.0,2960.0,1343.0
youtube,0.0606060606061,0.0121212121212,0.0484848484848,318.0,2891.0,5.155105989e-05,0.390797408979,0.00128665674503,0.144882328361,0.0483308890744,0.00480594202927,0.198019159465,0.660606060606,0.587878787879,0.0727272727273,0.0777907069266,0.355775577558,0.0410883688786,0.00840930161173,0.0036510962016,0.00089153734378,0.0129519351571,27322.0,3086.0,529.0,456.0
career_employment,0.666666666667,0.30303030303,0.363636363636,17320.0,21836.0,0.00971770836188,0.560051216389,0.0108341346724,0.037141057037,0.0468501499894,0.0164223711806,0.100413578207,0.163636363636,0.0666666666667,0.0969696969697,0.00226251996082,0.372366148532,0.0027879375387,0.108199939777,0.0572165336775,0.0191934006293,0.184609874084,4135.0,11202.0,665.0,1401.0
tech,1.29090909091,0.90303030303,0.387878787879,56602.0,16047.0,0.16946073631,0.572138652714,0.0503722032748,0.0102174889537,0.0155473459705,0.00784992871761,0.0336147636418,0.818181818182,0.648484848485,0.169696969697,0.173510368586,0.415414258189,0.0556159724579,0.0194153743634,0.0136719503671,0.00325464807025,0.0363419728007,47385.0,11081.0,8009.0,3310.0
chemistry,0.0787878787879,0.0242424242424,0.0545454545455,785.0,2164.0,0.000242753480803,0.412058407913,0.00133024010409,0.175457169991,0.0737626582914,0.0247487048279,0.27396853311,0.0181818181818,0.00606060606061,0.0121212121212,1.84774575018e-05,0.261333333333,0.00107496000465,0.687770113516,0.0227821015213,0.000690383432604,0.711242598469,170.0,548.0,896.0,916.0
archaeology,0.0545454545455,0.0181818181818,0.0363636363636,1685.0,2563.0,3.14611254946e-05,0.390797408979,0.00181237866398,0.37464866595,0.0955212308778,0.0175142426162,0.487684139444,0.0545454545455,0.0242424242424,0.030303030303,0.000278931121587,0.30323488045,0.00140550165873,0.244186726878,0.050876667231,0.005753001827,0.300816395936,978.0,1835.0,789.0,1224.0
wine,0.551515151515,0.272727272727,0.278787878788,14020.0,15715.0,0.00486401327887,0.530181818182,0.00823298184409,0.0376342790779,0.0472424129004,0.0171677436994,0.102044435678,0.145454545455,0.0787878787879,0.0666666666667,0.0122697251207,0.33194765204,0.00264622677509,0.0908248000529,0.0573916588818,0.0190031228304,0.167219581765,2488.0,3662.0,429.0,797.0
